id;experiment_key;variant;event_type;user_id;anon_id;metadata;created_at
24837bd8-a095-4fb3-9617-f4ef9adee787;premium_cta_v1;A;view;a75c02a1-6432-4349-9b80-d1ca01468249;;"{""surface"":""popup""}";2026-05-07 19:57:25.220136+00
6a353bb7-989a-4dc8-ae7e-f4764c0c794d;premium_cta_v1;A;view;;3f577f60-1b95-41d1-a010-c1469ce0a749;"{""surface"":""popup""}";2026-05-07 19:58:49.537373+00
03c55214-d7d1-4cdd-b601-2c5a965754ec;premium_cta_v1;B;view;;b4e95370-c2cc-45ef-8461-5751a140ffeb;"{""surface"":""popup""}";2026-05-07 20:23:03.91527+00
faa6845b-c0ba-4797-8783-6858669025c9;premium_cta_v1;A;view;ea9b40c5-1c79-4b37-8e2a-f2f7d250c898;;"{""surface"":""popup""}";2026-05-07 20:24:50.029857+00
e438be88-24ec-4cc0-a89b-14c7b6d24d97;premium_cta_v1;A;view;;8eb8ba5c-7daf-44ae-9190-3d4e34aa365e;"{""surface"":""popup""}";2026-05-07 20:27:25.660809+00
81bdcc66-a023-4c5b-8bb1-7108a8b675f1;premium_cta_v1;B;view;ea9b40c5-1c79-4b37-8e2a-f2f7d250c898;;"{""surface"":""popup""}";2026-05-07 20:27:41.961876+00
cae0bb3c-dc6d-4a7d-947a-dee16d596c0a;premium_cta_v1;B;click;ea9b40c5-1c79-4b37-8e2a-f2f7d250c898;;"{""surface"":""popup_open""}";2026-05-07 20:27:45.927572+00
e67109c8-d3c7-49e7-bdc4-186754f30ee7;premium_cta_v1;B;view;;102780fc-224d-4494-85e7-05785c253cf8;"{""surface"":""popup""}";2026-05-07 20:29:43.652253+00
922b18f3-af4b-4f63-a533-a79114b22680;premium_cta_v1;A;view;;eb07be52-2acb-4373-8c30-652c5a8992d7;"{""surface"":""popup""}";2026-05-07 20:31:28.573833+00
036deaca-7fa6-402a-9ed4-8f4a9f00c0e5;premium_cta_v1;B;view;;cc41bbb5-cadf-4bfd-b4c4-2364844dfb13;"{""surface"":""popup""}";2026-05-07 20:36:35.777839+00
bfe2bd66-2aaa-4984-8b39-71848e268bd6;premium_cta_v1;B;view;ea9b40c5-1c79-4b37-8e2a-f2f7d250c898;;"{""surface"":""popup""}";2026-05-07 20:36:35.755759+00
e9968983-8780-406e-a169-ae5b9484f4a1;premium_cta_v1;B;click;;cc41bbb5-cadf-4bfd-b4c4-2364844dfb13;"{""surface"":""popup_open""}";2026-05-07 20:36:52.805884+00
5f358fc7-9f7d-4643-98d6-c4ee46a75272;premium_cta_v1;B;conversion;;cc41bbb5-cadf-4bfd-b4c4-2364844dfb13;"{""surface"":""popup_upgrade""}";2026-05-07 20:36:55.240794+00
c912ea81-89ce-4954-bdf8-7aa7c3653b5a;premium_cta_v1;A;view;;8d577edc-e06b-46b4-9e0b-543ed46944db;"{""surface"":""popup""}";2026-05-07 20:47:12.37318+00
d70b1cc8-891f-45cc-8650-f1d8ee830e54;premium_cta_v1;B;view;;2d03bebe-e1ff-49a9-8de9-f745310069a5;"{""surface"":""popup""}";2026-05-07 20:51:32.536136+00
f0a77eca-c6f0-4f27-ab2b-247410c870f7;premium_cta_v1;B;view;;63a1c1a7-5dbb-4c6f-a030-dfaf745fa231;"{""surface"":""popup""}";2026-05-07 20:56:05.074072+00
f11c48b1-ae60-40e2-b16c-edc2dfd7ea65;premium_cta_v1;A;view;;d2f28c49-8950-46f0-9723-dd2d33c6c32b;"{""surface"":""popup""}";2026-05-08 05:48:56.670018+00
53cbe3da-42f6-492a-9e6e-84ab7faa992f;premium_cta_v1;B;view;;b9dda1c4-f8ca-4d64-9a6c-fc839f577e3b;"{""surface"":""popup""}";2026-05-08 06:33:39.556332+00
a93f6045-6757-477c-b33b-6fd546fb08d8;premium_cta_v1;A;view;;8eb8ba5c-7daf-44ae-9190-3d4e34aa365e;"{""surface"":""popup""}";2026-05-09 15:18:03.752679+00
e1226428-a11f-4f35-89b7-672ee5ba613b;premium_cta_v1;A;view;;caf9fb64-4c0e-466c-9ad8-7abbfb02af69;"{""surface"":""popup""}";2026-05-09 15:18:51.500546+00
97685b9f-2ec2-474d-82e1-92a87d07f2f7;premium_cta_v1;A;view;;8eb8ba5c-7daf-44ae-9190-3d4e34aa365e;"{""surface"":""popup""}";2026-05-10 13:49:59.595456+00
5932f232-6231-4160-bb46-7e7c2b3517b1;premium_cta_v1;A;view;;caf9fb64-4c0e-466c-9ad8-7abbfb02af69;"{""surface"":""popup""}";2026-05-10 13:51:34.545504+00
0566f700-83b9-44b6-8a90-cf7514f3e4f5;premium_cta_v1;A;view;;b46d921b-4306-441b-9197-dc181fa069cb;"{""surface"":""popup""}";2026-05-10 13:56:17.381041+00
2ecc7a34-cf58-498a-b849-49781e8a99cb;premium_cta_v1;A;view;;92af30e0-e468-4878-9695-bfd7cb8ca905;"{""surface"":""popup""}";2026-05-10 13:59:51.635442+00
ab304818-3885-4153-9341-03b8e9e81645;premium_cta_v1;A;view;;5f90b692-0df5-466b-b76d-00aa0fad337f;"{""surface"":""popup""}";2026-05-10 14:15:30.112286+00
df049564-ad49-4123-bc0d-0211a2e653de;premium_cta_v1;B;view;;8fad9abb-0c6b-4a2a-b6e2-6efa11df4c23;"{""surface"":""popup""}";2026-05-11 12:21:20.21889+00
cd01a762-e144-44c9-9a72-34f599cd057f;premium_cta_v1;A;view;;5c3a422e-f3c6-4198-aee3-4ac78daa78d1;"{""surface"":""popup""}";2026-05-11 12:21:40.504847+00
fd47d110-2d71-4e01-bc22-12778c01b278;premium_cta_v1;B;view;;48087546-89dc-449d-844a-011f2edb1ac4;"{""surface"":""popup""}";2026-05-11 12:45:43.586318+00
f9f39bf8-8d8d-4f61-8cc2-703a1e3ab0a2;premium_cta_v1;A;view;;5c3a422e-f3c6-4198-aee3-4ac78daa78d1;"{""surface"":""popup""}";2026-05-11 15:18:00.845447+00
051171b5-62bb-4f79-9664-66eb0853f71c;premium_cta_v1;B;view;;ee4fb03d-7105-429c-ad22-99dfc5fbfad8;"{""surface"":""popup""}";2026-05-11 15:44:19.895444+00
20d79628-d215-4be5-9962-b07082804b89;premium_cta_v1;A;view;;5c3a422e-f3c6-4198-aee3-4ac78daa78d1;"{""surface"":""popup""}";2026-05-11 15:44:25.990198+00
f0b708a0-def6-4632-a62a-ebd1e52e3285;premium_cta_v1;A;view;;d2f28c49-8950-46f0-9723-dd2d33c6c32b;"{""surface"":""popup""}";2026-05-11 17:02:31.026894+00
44c368d5-bc2a-4467-b7b4-dec9adc9b21c;premium_cta_v1;B;view;;ef34f929-fec4-4f89-9cbc-c61fe2cc4756;"{""surface"":""popup""}";2026-05-11 17:02:45.256008+00
2dd5503e-431a-4687-88e3-347b721fed11;premium_cta_v1;A;view;;d2f28c49-8950-46f0-9723-dd2d33c6c32b;"{""surface"":""popup""}";2026-05-11 17:03:10.503653+00
84cabd1a-e581-45d1-b208-af5e25ad0110;premium_cta_v1;A;view;;d3191456-cba1-497c-8d97-554434ab8bdc;"{""surface"":""popup""}";2026-05-11 17:03:14.831013+00
960d4123-8344-41b7-b2af-ed1737b7692a;premium_cta_v1;A;view;;d2f28c49-8950-46f0-9723-dd2d33c6c32b;"{""surface"":""popup""}";2026-05-11 17:07:26.549877+00
98768283-f90b-4656-a0f7-66c65e080aa1;premium_cta_v1;B;view;;87572894-33f6-4de4-85c3-46fa9b945d48;"{""surface"":""popup""}";2026-05-11 17:07:52.443264+00
a25e7444-959c-4d5b-bc6b-a0ca30039764;premium_cta_v1;A;view;;d2f28c49-8950-46f0-9723-dd2d33c6c32b;"{""surface"":""popup""}";2026-05-11 17:08:07.986777+00
ee73e2aa-be37-4819-bdaa-b2450e670494;premium_cta_v1;B;view;;11d4dad7-b98b-49a4-abcd-9e7aef124b70;"{""surface"":""popup""}";2026-05-11 17:09:02.450084+00
0e00051a-ad79-4373-88b6-6cafe1e839a7;premium_cta_v1;B;view;;9b5e9740-3210-4b87-88e7-ecca252aa9cc;"{""surface"":""popup""}";2026-05-11 17:09:11.511145+00
1c3b33bd-e388-45c3-9b0a-916627efafd6;premium_cta_v1;A;view;;d2f28c49-8950-46f0-9723-dd2d33c6c32b;"{""surface"":""popup""}";2026-05-11 17:10:03.024684+00
6837c50d-6070-4a07-a201-4bd4cf601402;premium_cta_v1;A;view;;57810583-07fe-4cd4-951c-5d672047d4b3;"{""surface"":""popup""}";2026-05-11 17:12:22.17836+00
9f481648-bb2d-40e5-b27e-903787adf8e5;premium_cta_v1;A;view;;c6882265-ea71-4571-8237-b27d3325b116;"{""surface"":""popup""}";2026-05-11 17:12:24.921901+00
833696fe-3a87-4202-9eb7-8da9638c6c5a;premium_cta_v1;B;view;;c855e1b9-c5a9-4e12-8739-7007295024be;"{""surface"":""popup""}";2026-05-11 17:14:06.175579+00
0f79691b-f1ec-4baa-b02e-fca30383cdd3;premium_cta_v1;A;view;8b2febed-754f-467c-9c58-7ba49b09f6ba;;"{""surface"":""popup""}";2026-05-11 17:16:35.860181+00
a1c1c723-ac31-4e56-87bb-204192721797;premium_cta_v1;A;view;8b2febed-754f-467c-9c58-7ba49b09f6ba;;"{""surface"":""popup""}";2026-05-11 17:16:53.555046+00
af32970b-86a5-4ddd-8a24-58dea17103d0;premium_cta_v1;A;view;;66178722-19ee-4043-bf7f-832de0fd067d;"{""surface"":""popup""}";2026-05-11 17:18:49.077204+00
12e964de-79fc-4af6-8039-939ecdc60f7c;premium_cta_v1;A;view;;30e8db96-9a1b-4aa4-80a5-fecb1379ec18;"{""surface"":""popup""}";2026-05-11 17:20:09.788182+00
2ff6db91-d4bf-43ae-b928-db864660319c;premium_cta_v1;A;view;;d2f28c49-8950-46f0-9723-dd2d33c6c32b;"{""surface"":""popup""}";2026-05-11 17:23:10.059873+00
c71e219d-32c2-4977-9a58-150aa5f61229;premium_cta_v1;A;view;;a2d5f909-7d52-4548-a889-a1a52d7bbf5d;"{""surface"":""popup""}";2026-05-11 17:23:15.253926+00
0de05bb9-c8f7-442b-b1a0-c16ef2a54465;premium_cta_v1;A;view;;d2f28c49-8950-46f0-9723-dd2d33c6c32b;"{""surface"":""popup""}";2026-05-11 17:23:26.475052+00
8040624d-100e-4530-91a1-b5ad4ded8a13;premium_cta_v1;B;view;;21e67142-4f6d-4ce9-bc6b-26d0e8b0c1dd;"{""surface"":""popup""}";2026-05-11 17:23:35.426621+00
d7c11d94-b018-488f-938d-9a7786b0a8a8;premium_cta_v1;A;view;;d2f28c49-8950-46f0-9723-dd2d33c6c32b;"{""surface"":""popup""}";2026-05-11 17:23:39.473818+00
a8d81298-bde8-40dd-90e8-18eb3085b7c0;premium_cta_v1;B;view;;21e67142-4f6d-4ce9-bc6b-26d0e8b0c1dd;"{""surface"":""popup""}";2026-05-11 17:24:01.299348+00
0f3b466f-63d7-4022-9dd8-71e28b20b1ca;premium_cta_v1;A;view;;7155275f-cd9b-4109-aa68-3fc9a2a02a5e;"{""surface"":""popup""}";2026-05-11 17:24:52.171943+00
cf909516-c70d-4207-8b2b-a7d11e9e68fe;premium_cta_v1;A;view;29711fcd-2819-4eba-ac64-26912b149a29;;"{""surface"":""popup""}";2026-05-11 17:29:29.0015+00
44710340-4ffd-4a91-b22f-d0c46ab794f9;premium_cta_v1;A;view;;d2f28c49-8950-46f0-9723-dd2d33c6c32b;"{""surface"":""popup""}";2026-05-11 17:31:02.467978+00
6b1966e0-d0fb-4605-a54f-a119c841a7d0;premium_cta_v1;A;view;;d2f28c49-8950-46f0-9723-dd2d33c6c32b;"{""surface"":""popup""}";2026-05-11 17:34:29.310981+00
48ffd5a9-53e1-4909-b021-d77a4f4cac55;premium_cta_v1;B;view;;ba1bb617-bdab-40ff-98be-a02393185f04;"{""surface"":""popup""}";2026-05-11 17:36:36.472221+00
c79cda9f-8986-4685-9493-e5713710f4dd;premium_cta_v1;B;view;;4c7b74cd-6c7a-4955-ae5e-9b3638c1669e;"{""surface"":""popup""}";2026-05-11 17:36:38.942533+00
4d61d4c4-1559-49f6-b232-0bc98921ff76;premium_cta_v1;B;view;6158e7a8-8af7-4b13-bc3e-773f11c2c6a9;;"{""surface"":""popup""}";2026-05-11 17:41:33.874161+00
1c4e5fc7-dca1-480b-8aec-17d8d5b86eed;premium_cta_v1;A;view;;8eb8ba5c-7daf-44ae-9190-3d4e34aa365e;"{""surface"":""popup""}";2026-05-11 17:51:56.362688+00
7fce136e-c49c-4750-8234-47d40698675c;premium_cta_v1;A;view;;caf9fb64-4c0e-466c-9ad8-7abbfb02af69;"{""surface"":""popup""}";2026-05-11 17:53:42.653971+00
e4ac1df6-c813-4821-b82f-fb8d157a6f3f;premium_cta_v1;B;view;;7e832a7a-d9bc-4aa7-9208-d788578558be;"{""surface"":""popup""}";2026-05-11 17:58:51.728691+00
7e26ca4f-39e9-4bea-be56-47b93a29b4f9;premium_cta_v1;B;view;;7e832a7a-d9bc-4aa7-9208-d788578558be;"{""surface"":""popup""}";2026-05-11 17:59:12.183183+00
9173fc24-6298-433a-be67-a26cf2e2a684;premium_cta_v1;A;view;;42df3199-765f-4c2a-8cad-38029879d99f;"{""surface"":""popup""}";2026-05-11 18:00:32.294441+00
c4ec09b7-f5bc-49a9-a0a5-c34ed078b696;premium_cta_v1;A;view;;a2dd95cb-5eff-4908-a8c2-db70ba80b0e6;"{""surface"":""popup""}";2026-05-11 18:03:28.969471+00
faf110c6-7a45-446f-a6b5-5b5b71b8a41b;premium_cta_v1;A;view;;de33b83b-96ce-49c1-aa77-9e895aba9d4e;"{""surface"":""popup""}";2026-05-11 18:07:37.086278+00
5d2ad666-a7fa-4d01-96c3-d66d042caa87;premium_cta_v1;B;view;;56a7601a-09d5-44d2-90ac-110ecee9f58a;"{""surface"":""popup""}";2026-05-11 18:13:12.518356+00
a68b2758-c6ed-48ee-8cd1-8172c48e0cd1;premium_cta_v1;A;view;;59aa87e8-f803-438d-a308-0639b7a1abbc;"{""surface"":""popup""}";2026-05-11 18:13:24.063245+00
abe430ae-d04e-4e9c-889b-359f57a5742c;premium_cta_v1;A;view;;89361546-22db-4964-8157-424d045da667;"{""surface"":""popup""}";2026-05-11 18:17:19.291423+00
dbeb78a1-2d74-45cf-9006-926b286873c7;premium_cta_v1;A;view;;42c50435-7703-432c-9fdb-1fdbfcc24b88;"{""surface"":""popup""}";2026-05-11 18:24:22.915157+00
2da5fc8f-30e0-41e3-8ad0-53ad34619a1e;premium_cta_v1;A;view;;b8cb3f2c-6c21-441f-a727-fc685195c41a;"{""surface"":""popup""}";2026-05-11 18:24:30.842505+00
9339c4de-10ef-4ecd-a18d-3b9d634b58fa;premium_cta_v1;A;view;;a2dd95cb-5eff-4908-a8c2-db70ba80b0e6;"{""surface"":""popup""}";2026-05-11 18:25:41.662162+00
72ece778-a94e-434c-8b7d-7d116393b32f;premium_cta_v1;A;view;;74a00553-5ecb-4402-a8f1-1725b883036c;"{""surface"":""popup""}";2026-05-11 18:26:31.347662+00
86aff345-a25a-4537-a521-3b2848ac04e1;premium_cta_v1;B;view;;b9daaa72-5271-4aa3-bf4b-0533429ce20a;"{""surface"":""popup""}";2026-05-11 18:29:21.705153+00
943a7e6c-94bd-4318-9cb6-131bc3d7fc9a;premium_cta_v1;A;view;;7db9629f-f238-414f-b7af-5b1435d4b8cc;"{""surface"":""popup""}";2026-05-11 18:34:01.466946+00
5fd5f655-c4e2-4099-88f6-f62ea3af22d0;premium_cta_v1;A;view;;4ede02ea-5112-4f9a-8f48-9c7a20f49c80;"{""surface"":""popup""}";2026-05-11 18:41:17.406556+00
a90a8365-c329-4b33-8492-71153ff9b8d8;premium_cta_v1;B;view;;f716604b-bb44-4943-b55d-d36b446a100c;"{""surface"":""popup""}";2026-05-11 18:52:12.054348+00
5131ef99-b720-4495-afe9-47ae64b98421;premium_cta_v1;B;view;;4d9b07e6-eca9-4eb8-8e36-587b2f6578c9;"{""surface"":""popup""}";2026-05-11 18:52:46.091492+00
2ed90fb2-30e2-4a60-a291-02b8a6e353f1;premium_cta_v1;B;view;;8fe3267b-362e-4116-a420-7bab4b2e8189;"{""surface"":""popup""}";2026-05-11 18:54:57.861539+00
0fcf6fb7-4202-419a-9368-6b2e73fb7f20;premium_cta_v1;B;view;;c3a30724-dd81-4e89-80c6-dc1657a337c2;"{""surface"":""popup""}";2026-05-11 18:57:04.553333+00
b89aec16-5b37-49f1-8705-c54e83a3ec46;premium_cta_v1;A;view;;a2dd95cb-5eff-4908-a8c2-db70ba80b0e6;"{""surface"":""popup""}";2026-05-11 19:03:52.830382+00
415f3804-93a2-4573-be95-ec81ea09657c;premium_cta_v1;B;view;;48087546-89dc-449d-844a-011f2edb1ac4;"{""surface"":""popup""}";2026-05-11 19:04:49.516898+00
074ed6d3-3f9a-4e93-813b-95382d4d96a5;premium_cta_v1;B;view;;4b72a4a1-30cc-49da-b9b1-209f157cb70f;"{""surface"":""popup""}";2026-05-11 19:06:32.432986+00
ecd4ff64-e7f2-4661-aa87-4369451617db;premium_cta_v1;B;view;;c9d37fe3-f5a9-46dd-9b24-21a1c2b8ff45;"{""surface"":""popup""}";2026-05-11 19:08:57.270693+00
3a083321-dc7f-4309-8ebe-63415cad451d;premium_cta_v1;B;view;;48087546-89dc-449d-844a-011f2edb1ac4;"{""surface"":""popup""}";2026-05-11 19:12:10.008057+00
3852d85c-f91e-405f-98d6-e2cc4c2f68e9;premium_cta_v1;B;view;;c9d37fe3-f5a9-46dd-9b24-21a1c2b8ff45;"{""surface"":""popup""}";2026-05-11 19:14:59.140044+00
90358286-24dd-4ae3-8441-8374c3cd3ecb;premium_cta_v1;B;view;;c9d37fe3-f5a9-46dd-9b24-21a1c2b8ff45;"{""surface"":""popup""}";2026-05-11 19:18:58.700862+00
d02e9cf1-dd8b-4c63-8ad3-ac574cb1e381;premium_cta_v1;A;view;;d2f28c49-8950-46f0-9723-dd2d33c6c32b;"{""surface"":""popup""}";2026-05-11 19:20:46.145573+00
0103209b-c7d8-4c7d-b5dc-559214aa06e8;premium_cta_v1;A;view;;e03aa915-1ed4-4a37-bfcf-d167abc01de8;"{""surface"":""popup""}";2026-05-11 19:26:02.915683+00
3cf76e37-04ba-4c20-b677-a2033911ce16;premium_cta_v1;A;view;;e03aa915-1ed4-4a37-bfcf-d167abc01de8;"{""surface"":""popup""}";2026-05-11 19:28:37.209406+00
6536005d-b16f-484e-a900-08d0768e1f69;premium_cta_v1;A;view;;e90bdfcd-36a2-4f0f-81fc-f8e7fb5abc28;"{""surface"":""popup""}";2026-05-11 19:32:21.61087+00
6bb8276d-e982-47e5-af52-7dace309b1ac;premium_cta_v1;A;view;a294f1d0-67f1-4fc5-a0ea-ef4ef1e964ae;;"{""surface"":""popup""}";2026-05-11 19:34:40.452701+00
fe0bfb59-ca71-4e3f-93f9-de4eac512dba;premium_cta_v1;B;view;;9b5e9740-3210-4b87-88e7-ecca252aa9cc;"{""surface"":""popup""}";2026-05-11 19:53:58.993132+00
a598420b-48d9-47ea-9911-2fe2e8e32073;premium_cta_v1;B;view;;48087546-89dc-449d-844a-011f2edb1ac4;"{""surface"":""popup""}";2026-05-11 19:59:53.167116+00
38a3edae-3411-47b1-b165-faac40865469;premium_cta_v1;B;view;;fb9f9b53-9ba5-4bb6-8e34-2921e58354fd;"{""surface"":""popup""}";2026-05-11 20:08:00.814503+00
220b0acd-98a7-4ae1-9679-10abf2a0133c;premium_cta_v1;B;view;;48087546-89dc-449d-844a-011f2edb1ac4;"{""surface"":""popup""}";2026-05-11 20:12:42.685144+00
dca06887-6d6e-4d53-9bbe-01b57f86d099;premium_cta_v1;A;view;;a7848cb8-29b1-4df3-bbca-15060ba70068;"{""surface"":""popup""}";2026-05-11 20:14:51.583659+00
4879bd50-84ec-4cb3-a336-f4b30a9219dd;premium_cta_v1;A;view;;59225ba0-c0e7-401e-93fb-ec1382baa269;"{""surface"":""popup""}";2026-05-11 20:14:55.500897+00
d392c5f6-83ac-4170-bf0b-9b7a364c9278;premium_cta_v1;A;view;92bf0a71-299d-4e21-ba45-859d4e5ffad4;;"{""surface"":""popup""}";2026-05-11 20:16:43.147198+00
75c3076f-ccea-4f59-b1df-bad9b27b2f7b;premium_cta_v1;B;view;;48087546-89dc-449d-844a-011f2edb1ac4;"{""surface"":""popup""}";2026-05-11 20:20:00.942577+00
7791d55e-32bd-4210-9f1c-936476a56d7f;premium_cta_v1;A;view;;d2f28c49-8950-46f0-9723-dd2d33c6c32b;"{""surface"":""popup""}";2026-05-11 20:33:46.142055+00
9568b6a8-7e89-43db-b4b7-0bd4abeceead;premium_cta_v1;B;view;;48087546-89dc-449d-844a-011f2edb1ac4;"{""surface"":""popup""}";2026-05-11 20:37:05.840758+00
64a0760f-433e-4eb6-a9cd-dc4af738b90c;premium_cta_v1;A;view;;af6a3c05-b37d-4565-b876-7b9e5af10077;"{""surface"":""popup""}";2026-05-11 20:46:04.835681+00
c7b4f3eb-11c4-4ded-8f9e-6c5e647da4ec;premium_cta_v1;A;view;;afdabc6d-6af9-4ab0-820e-9c928b102720;"{""surface"":""popup""}";2026-05-11 21:48:07.950977+00
3c990519-cca4-41ba-afba-63ea4b37a0c6;premium_cta_v1;B;view;;b9daaa72-5271-4aa3-bf4b-0533429ce20a;"{""surface"":""popup""}";2026-05-11 21:54:12.829015+00
729dd46e-24df-474c-bf41-f5996ff9bd9a;premium_cta_v1;B;view;5de9d88b-4d82-49c8-b7d4-f3e926bdf7c2;;"{""surface"":""popup""}";2026-05-11 22:11:37.374604+00
95b9e405-9ae8-470f-928b-8f50f36fe45a;premium_cta_v1;B;view;5de9d88b-4d82-49c8-b7d4-f3e926bdf7c2;;"{""surface"":""popup""}";2026-05-11 22:11:47.885005+00
a339e5a0-c792-4f27-93b5-b262b39d826d;premium_cta_v1;A;view;;6fd9b790-0dc0-435a-8357-16b0c1a278f6;"{""surface"":""popup""}";2026-05-11 22:28:03.752714+00
ae788826-6ae1-4cff-be6e-bf6e565f446d;premium_cta_v1;A;view;;47ce556d-e071-4817-a908-4a7554baf421;"{""surface"":""popup""}";2026-05-12 05:30:17.758366+00
f42b8a7d-e820-432a-b1e3-b8ba60d76315;premium_cta_v1;A;view;;6246b984-a470-48f5-8541-4d7056499ba8;"{""surface"":""popup""}";2026-05-12 06:50:09.697124+00
f854a8ab-0ad7-4676-b451-4dd2e7bef1a1;premium_cta_v1;A;view;;df57d057-1f7a-486a-8bdc-c51084a6418c;"{""surface"":""popup""}";2026-05-12 08:03:06.668976+00
85b982fb-8ef7-4254-9e74-8f3891db54dc;premium_cta_v1;B;view;;a6761d2e-dcc5-49e1-87ef-c90832480c2b;"{""surface"":""popup""}";2026-05-12 14:08:42.203172+00
2917dd37-ba37-4353-9fb4-0b709af9d39e;premium_cta_v1;B;view;;22ff182e-32bf-4044-a0b9-82055bf0da82;"{""surface"":""popup""}";2026-05-12 15:08:57.13584+00
62e1ad4e-618c-40e0-8230-56a672aeb0c4;premium_cta_v1;A;view;;b590df4a-410a-46fb-a6fd-682bb2dda2f3;"{""surface"":""popup""}";2026-05-12 15:12:34.44965+00
113fc7e5-970d-448d-ab82-88cb9a70427a;premium_cta_v1;A;view;;a692ce83-3821-4b42-9167-03dcbafe8c11;"{""surface"":""popup""}";2026-05-12 15:12:39.930344+00
2085642b-84a8-4534-8d7e-b0a0f6849277;premium_cta_v1;B;view;;22ff182e-32bf-4044-a0b9-82055bf0da82;"{""surface"":""popup""}";2026-05-12 15:25:06.103385+00
038287c1-8d5f-41f0-97a9-22de5f2cd6a6;premium_cta_v1;A;view;;b7023529-a955-409b-8817-c2d8f433faa7;"{""surface"":""popup""}";2026-05-12 16:47:03.785674+00
c55c9741-4ecd-4874-8e31-b8698207c7a1;premium_cta_v1;A;view;;6a6e76af-0fcd-4f4b-b6a4-070f8e47c48b;"{""surface"":""popup""}";2026-05-12 16:47:03.828899+00
de0d408c-1ae0-4dee-8ecb-01486d775929;premium_cta_v1;A;view;;5b136aa2-0df0-45ca-855a-9668655e3783;"{""surface"":""popup""}";2026-05-12 16:47:06.665286+00
a5c06905-740a-4387-8877-a2f15f2ec0ec;premium_cta_v1;A;view;;3646cec2-3046-40fe-9fd9-5465a3bbdd6c;"{""surface"":""popup""}";2026-05-12 16:47:06.909334+00
abb1493c-7266-482f-8fd7-227c8f7b0d05;premium_cta_v1;B;view;;75613ada-7827-4245-8288-8bbf0638f89c;"{""surface"":""popup""}";2026-05-12 16:47:08.229789+00
76c7a0d5-7a0f-44fc-b636-2849c7658442;premium_cta_v1;A;view;;8eb8ba5c-7daf-44ae-9190-3d4e34aa365e;"{""surface"":""popup""}";2026-05-12 17:26:15.494147+00
98e2fe41-74c2-4058-a748-529a44da3cfa;premium_cta_v1;A;view;;8eb8ba5c-7daf-44ae-9190-3d4e34aa365e;"{""surface"":""popup""}";2026-05-12 19:28:23.55042+00
fc620f8c-4c6d-4427-b698-73ad1e055abd;premium_cta_v1;B;view;;f8518d37-55ca-44e6-8e9a-f35f3393c49b;"{""surface"":""popup""}";2026-05-12 20:57:09.722409+00
fe7e827b-c3c7-4e20-af0f-c6c4cf42130d;premium_cta_v1;A;view;;a2dd95cb-5eff-4908-a8c2-db70ba80b0e6;"{""surface"":""popup""}";2026-05-13 15:28:32.472436+00
0eab8123-8081-41ba-87e4-4c2138fccf7d;premium_cta_v1;A;view;;4f4a4a85-e948-40e5-ab0f-8245b853ad62;"{""surface"":""popup""}";2026-05-13 15:28:34.736733+00
ff220dd0-ac76-4db7-ba85-80916854ed36;premium_cta_v1;B;view;;48087546-89dc-449d-844a-011f2edb1ac4;"{""surface"":""popup""}";2026-05-13 15:35:19.55894+00
304535da-1849-4860-ae6d-14010d572df1;premium_cta_v1;B;view;;48087546-89dc-449d-844a-011f2edb1ac4;"{""surface"":""popup""}";2026-05-13 15:45:34.175883+00
14db9ebe-c343-4119-b724-9d9ee7c17889;premium_cta_v1;B;view;;48087546-89dc-449d-844a-011f2edb1ac4;"{""surface"":""popup""}";2026-05-13 16:14:05.485606+00
5f067ec1-ec63-4bfc-a574-45207cc9317c;premium_cta_v1;B;view;;9f9859cc-af61-4ee5-bd2c-f069692e3539;"{""surface"":""popup""}";2026-05-13 16:16:20.549849+00
38d5d1b2-e19f-4d2f-863f-5598104ab261;premium_cta_v1;B;view;;bf58793d-fbaa-4aae-915d-cbab6f592ab8;"{""surface"":""popup""}";2026-05-13 16:18:25.677364+00
0153f72e-c8f5-469d-88cf-ce3b94319848;premium_cta_v1;B;view;;9f9859cc-af61-4ee5-bd2c-f069692e3539;"{""surface"":""popup""}";2026-05-13 16:23:15.275832+00
89c93f3b-76fd-40aa-8427-3947bf3433ca;premium_cta_v1;B;view;c5ba1e20-6f38-42b4-9f30-0742593b1b15;;"{""surface"":""popup""}";2026-05-13 16:32:33.182702+00
269ab98f-af44-4e8a-b0a8-4fb04f902bf0;premium_cta_v1;B;view;c5ba1e20-6f38-42b4-9f30-0742593b1b15;;"{""surface"":""popup""}";2026-05-13 16:32:36.950116+00
0418f2fc-d7e7-4e26-b997-6c246165a64a;premium_cta_v1;B;view;;9f9859cc-af61-4ee5-bd2c-f069692e3539;"{""surface"":""popup""}";2026-05-13 16:33:59.138321+00
4ef78f4a-93a6-484b-9411-f3d9a52eb71d;premium_cta_v1;B;view;;48087546-89dc-449d-844a-011f2edb1ac4;"{""surface"":""popup""}";2026-05-13 16:35:48.199842+00
f64b751e-3896-44e1-85b1-7e00d6ae1104;premium_cta_v1;B;view;3f712d89-3271-482d-95bb-eeaf8b7f982e;;"{""surface"":""popup""}";2026-05-13 16:36:20.089402+00
ef801dc7-4b0f-418b-85f4-14acbd2aa0ff;premium_cta_v1;B;view;3f712d89-3271-482d-95bb-eeaf8b7f982e;;"{""surface"":""popup""}";2026-05-13 16:36:21.579428+00
9eac11b3-0b71-40d3-b3b3-fb3bfc7eb7c3;premium_cta_v1;A;view;;80acd5a4-7c83-4b53-976b-d18d395a7637;"{""surface"":""popup""}";2026-05-13 17:05:44.246387+00
06562fe2-e4a2-4217-8b32-4ad4b8510c4a;premium_cta_v1;A;view;;6a9e467a-de6f-458b-90a5-7dfada49db83;"{""surface"":""popup""}";2026-05-13 17:14:45.414991+00
befcd1dc-88b0-4665-b413-151ffd0990f5;premium_cta_v1;B;view;;314bdc62-0b83-4a6f-9f7e-87f5a7836878;"{""surface"":""popup""}";2026-05-13 17:19:25.609576+00
4918f579-07e7-434e-861a-80d6d5419768;premium_cta_v1;B;view;;f8c055b1-d272-4972-a0c1-c5b042c14175;"{""surface"":""popup""}";2026-05-13 17:37:11.026827+00
010daa77-acf4-4259-a932-ae470e158f68;premium_cta_v1;A;view;;0b344a85-5a36-4ece-9153-5f0b4de83bc5;"{""surface"":""popup""}";2026-05-13 17:53:11.526255+00
f8d3f315-e6d9-41a7-80d3-661256dab318;premium_cta_v1;A;view;;0b344a85-5a36-4ece-9153-5f0b4de83bc5;"{""surface"":""popup""}";2026-05-13 17:55:22.240835+00
a84aa612-603c-47c5-8184-efaddc758074;premium_cta_v1;A;view;;0b344a85-5a36-4ece-9153-5f0b4de83bc5;"{""surface"":""popup""}";2026-05-13 17:57:09.799999+00
ce07cf6c-d642-4682-b6dc-09246856760f;premium_cta_v1;B;view;;f8c055b1-d272-4972-a0c1-c5b042c14175;"{""surface"":""popup""}";2026-05-13 18:20:33.972111+00
1132fca4-e594-470b-b6ea-4203d3a23851;premium_cta_v1;A;view;;8eb8ba5c-7daf-44ae-9190-3d4e34aa365e;"{""surface"":""popup""}";2026-05-13 20:14:29.092752+00
d351e41b-13b8-4d97-a7d1-2fd3669158b6;premium_cta_v1;A;view;;6ea4a026-0ccf-4e23-bef0-47dcb8901813;"{""surface"":""popup""}";2026-05-13 22:07:11.810493+00
376c6b5c-6014-4347-9fa6-f88d37e710ad;premium_cta_v1;B;view;eeb8310c-4cca-413c-b843-5413411df786;;"{""surface"":""popup""}";2026-05-13 22:35:28.390387+00
de7e9f81-9202-4ace-be72-3d4973c9f01f;premium_cta_v1;A;view;;9ecc9caa-a0cb-4211-8dad-772db0627dad;"{""surface"":""popup""}";2026-05-13 22:35:28.572688+00
12aee4d5-ad02-4c7c-a620-3279e21785b8;premium_cta_v1;B;view;eeb8310c-4cca-413c-b843-5413411df786;;"{""surface"":""popup""}";2026-05-13 22:35:54.833112+00
a39617f0-414f-4395-b477-dcf2c80b0c40;premium_cta_v1;A;view;;6e2abbca-af32-4ea4-a185-b4e342bb99c8;"{""surface"":""popup""}";2026-05-14 13:55:49.790463+00
90c07149-91df-4fb1-bbfd-49cbbd9e5f81;premium_cta_v1;A;view;;89361546-22db-4964-8157-424d045da667;"{""surface"":""popup""}";2026-05-14 14:11:42.60213+00
89e7843c-4c8a-4f08-afa2-67edf676d883;premium_cta_v1;B;view;;c9d37fe3-f5a9-46dd-9b24-21a1c2b8ff45;"{""surface"":""popup""}";2026-05-14 14:11:43.011918+00
d09c15d2-b2db-4fb8-a2cc-90cfadea3ba5;premium_cta_v1;A;view;a5f57fd7-2e1f-49dd-ad2b-af365af88da9;;"{""surface"":""popup""}";2026-05-14 14:13:18.357087+00
32d6e8f3-a0e5-4d49-b222-45510985b37a;premium_cta_v1;B;view;b392acf7-fc0b-471a-8b2d-520a998c85a7;;"{""surface"":""popup""}";2026-05-14 14:13:27.842153+00
1efa5f2e-eea8-44d6-87f6-4e8678935f21;premium_cta_v1;B;view;;baf367a9-c58f-46ad-bfdb-6f90a67e1673;"{""surface"":""popup""}";2026-05-14 14:27:24.225905+00
9652c024-fab1-49cc-b677-972301e2021d;premium_cta_v1;A;view;;6f5167bd-03b9-429a-91fe-c310f5dea68b;"{""surface"":""popup""}";2026-05-14 14:32:05.786121+00
ba53da42-04b0-4a45-b1c0-41b8d3b18201;premium_cta_v1;A;view;;a60db92c-a85d-4d36-8ffa-65e9abc2f434;"{""surface"":""popup""}";2026-05-14 15:24:36.036918+00
af616ec3-7d4c-4956-afd4-3d119ce87119;premium_cta_v1;B;view;;58a8aefe-8546-4f4e-aaf4-d72da7f2b9a4;"{""surface"":""popup""}";2026-05-14 23:45:42.734125+00
a8c989d0-61e6-41f4-8bcd-a6b46943175f;premium_cta_v1;B;view;;48087546-89dc-449d-844a-011f2edb1ac4;"{""surface"":""popup""}";2026-05-15 08:56:27.876306+00
9e0ea9f1-8456-40ec-bdf1-db40922a1176;premium_cta_v1;A;view;;889eb03a-c6f6-4bf0-a36d-32cfb8ef1464;"{""surface"":""popup""}";2026-05-15 11:40:20.5953+00
e0df4be0-6bd8-464e-9e29-d49cbf8c3681;premium_cta_v1;A;view;;b23cc1c3-d286-431c-9b3d-93ad863c30b7;"{""surface"":""popup""}";2026-05-15 17:40:17.234023+00
de250a66-06a8-4805-8804-d9b762fc621d;premium_cta_v1;A;view;f829c79a-7cf3-416f-8a0e-45a76e312b97;;"{""surface"":""popup""}";2026-05-15 19:55:01.28946+00
f892d3ef-f933-4f96-a260-8b2d44cc210e;premium_cta_v1;A;view;;80dfb480-bd4f-4124-876f-58ddfa7b7f3f;"{""surface"":""popup""}";2026-05-15 21:41:43.120665+00
141e4e62-d3b5-4282-8213-2fd7cd1c0873;premium_cta_v1;A;view;;2fhl3cyz3ke;"{""surface"":""popup""}";2026-05-16 16:50:46.149385+00
848138ae-2255-4664-b476-71914e1d2238;premium_cta_v1;A;view;;q9m6qqbnlem;"{""surface"":""popup""}";2026-05-16 16:50:47.807663+00
60ce3ab4-a8ed-40a8-8c5b-6cda9fde035d;premium_cta_v1;B;view;ee03bec4-808b-4875-bf2b-6c534645015a;;"{""surface"":""popup""}";2026-05-17 09:10:29.487845+00
7e78b61f-5734-4aca-b540-ae6200865783;premium_cta_v1;B;view;;19db393b-ef50-4605-80b5-8766d4a4221f;"{""surface"":""popup""}";2026-05-17 09:10:47.700433+00
a82fea63-808b-4cf5-be6b-4bb540890978;premium_cta_v1;A;view;;a2dd95cb-5eff-4908-a8c2-db70ba80b0e6;"{""surface"":""popup""}";2026-05-18 08:27:22.198362+00
76bdde17-53e7-4dfc-a938-6e67a00beae8;premium_cta_v1;A;view;;4f4a4a85-e948-40e5-ab0f-8245b853ad62;"{""surface"":""popup""}";2026-05-18 08:27:26.917103+00
b9ff60c8-840c-47a5-85ed-332c3ae0fb33;premium_cta_v1;A;view;;4f4a4a85-e948-40e5-ab0f-8245b853ad62;"{""surface"":""popup""}";2026-05-18 09:08:39.111133+00
d2301139-8dee-45bd-b2a1-b5edacc7a6d2;premium_cta_v1;A;view;;61296495-1577-4364-9093-c290f9bfc4a3;"{""surface"":""popup""}";2026-05-18 14:45:35.330671+00
dbb636dc-cc3e-4d79-ac1c-20c4088d8a67;premium_cta_v1;A;view;;d2f28c49-8950-46f0-9723-dd2d33c6c32b;"{""surface"":""popup""}";2026-05-18 14:55:25.311739+00
8febe912-5788-41ae-a27e-547e44ce9b08;premium_cta_v1;A;view;;61296495-1577-4364-9093-c290f9bfc4a3;"{""surface"":""popup""}";2026-05-18 14:55:29.814197+00
3e9054a4-62d0-45be-9a63-9a94bfb1b561;premium_cta_v1;A;view;;d2f28c49-8950-46f0-9723-dd2d33c6c32b;"{""surface"":""popup""}";2026-05-18 15:11:05.910763+00
e36c14f4-49a7-4d73-ab60-3c415d98dfaf;premium_cta_v1;A;view;;61296495-1577-4364-9093-c290f9bfc4a3;"{""surface"":""popup""}";2026-05-18 15:11:06.552809+00
3ec775d1-4938-4550-8f54-458760dc01ba;premium_cta_v1;A;view;;d2f28c49-8950-46f0-9723-dd2d33c6c32b;"{""surface"":""popup""}";2026-05-18 15:15:14.56528+00
b28c7d14-ba76-4d69-80a8-5e1cc86720d4;premium_cta_v1;A;view;;d2f28c49-8950-46f0-9723-dd2d33c6c32b;"{""surface"":""popup""}";2026-05-18 15:21:36.712723+00
eecb7224-2a05-4236-a7b5-855d91ebb743;premium_cta_v1;A;view;;61296495-1577-4364-9093-c290f9bfc4a3;"{""surface"":""popup""}";2026-05-18 15:21:39.50504+00
ac2b2def-c4b2-41ce-b2c5-840be793b687;premium_cta_v1;B;view;;6e9551f6-3c2c-460a-b0bc-f73c6b74668d;"{""surface"":""popup""}";2026-05-18 15:40:22.37317+00
9a6b8c42-1f87-45de-93e5-3b83840c6fd6;premium_cta_v1;A;view;;61296495-1577-4364-9093-c290f9bfc4a3;"{""surface"":""popup""}";2026-05-18 15:43:04.918294+00
be663a38-eee1-437a-af72-915276b10379;premium_cta_v1;A;view;;61296495-1577-4364-9093-c290f9bfc4a3;"{""surface"":""popup""}";2026-05-18 15:44:25.170289+00
f730d755-73f3-487b-8abe-ac97154dd1b6;premium_cta_v1;A;view;;6ae1dc9e-4e7a-4c62-b88c-e2843c0f2730;"{""surface"":""popup""}";2026-05-18 16:11:31.036665+00
2c4e43e9-6463-401b-81d9-d6fafa0e3eb1;premium_cta_v1;A;view;;d2f28c49-8950-46f0-9723-dd2d33c6c32b;"{""surface"":""popup""}";2026-05-18 16:13:39.017338+00
991b68f5-df7b-47b9-a447-1796516b03a0;premium_cta_v1;A;view;;61296495-1577-4364-9093-c290f9bfc4a3;"{""surface"":""popup""}";2026-05-18 16:13:41.954934+00
8d144b83-0233-45e6-b0e7-1baf0bcd4bb6;premium_cta_v1;A;view;;d2f28c49-8950-46f0-9723-dd2d33c6c32b;"{""surface"":""popup""}";2026-05-18 16:13:58.825661+00
3e10ed96-3277-409a-a388-726c619cd509;premium_cta_v1;B;view;;9923b192-be70-4901-b597-be47d239217b;"{""surface"":""popup""}";2026-05-18 16:14:00.864925+00
966cec1e-40e6-4ca9-853a-d9f9f6a42d3f;premium_cta_v1;A;view;;d2f28c49-8950-46f0-9723-dd2d33c6c32b;"{""surface"":""popup""}";2026-05-18 16:14:14.394946+00
5bfcecf8-e56b-4882-a458-2a63be093a43;premium_cta_v1;A;view;;61296495-1577-4364-9093-c290f9bfc4a3;"{""surface"":""popup""}";2026-05-18 16:14:17.028409+00
d24befd3-ee3f-49ee-8bef-b68fae46e61f;premium_cta_v1;B;view;;b5c71199-b825-4065-bca3-7fd5ecfdaccf;"{""surface"":""popup""}";2026-05-18 16:14:37.381737+00
736a3c27-5fd5-4561-b567-57423a376ee3;premium_cta_v1;A;view;;75d527f3-0330-41bd-9730-f5073d7e57b3;"{""surface"":""popup""}";2026-05-18 16:14:40.448805+00
b434280e-6fe0-4c11-85fa-c635280f5973;premium_cta_v1;A;view;;d2f28c49-8950-46f0-9723-dd2d33c6c32b;"{""surface"":""popup""}";2026-05-18 16:14:44.744852+00
f5abf1bf-0878-4e34-a710-7a93db0a248b;premium_cta_v1;A;view;;f8a629fd-2d8a-4d71-bc64-f34f6c1e2c3a;"{""surface"":""popup""}";2026-05-18 16:20:03.290744+00
c71a6b98-58ac-4312-957a-1126186115ee;premium_cta_v1;A;view;;6ae1dc9e-4e7a-4c62-b88c-e2843c0f2730;"{""surface"":""popup""}";2026-05-18 16:22:12.54913+00
59a96135-1a7f-4767-845d-9fc0b7869ba7;premium_cta_v1;A;view;;6ae1dc9e-4e7a-4c62-b88c-e2843c0f2730;"{""surface"":""popup""}";2026-05-18 16:23:56.567492+00
d8b51c2c-bd6f-45f6-b62c-8ce71315ccd4;premium_cta_v1;A;view;1ea05414-7023-47ae-8a6e-7f575323c952;;"{""surface"":""popup""}";2026-05-18 16:26:24.087358+00
ac74108b-2b40-43b7-8121-71b46b0c89a4;premium_cta_v1;A;view;;6cb2c04b-38fb-4603-8093-a3c01a1ca9a5;"{""surface"":""popup""}";2026-05-18 17:59:01.324934+00
4744ef58-b361-44ab-90b3-339f9eb25885;premium_cta_v1;A;view;;6cb2c04b-38fb-4603-8093-a3c01a1ca9a5;"{""surface"":""popup""}";2026-05-18 19:10:39.549166+00
f0144a3e-9cbf-4019-b091-f5c1025ac9ff;premium_cta_v1;B;view;;6e9551f6-3c2c-460a-b0bc-f73c6b74668d;"{""surface"":""popup""}";2026-05-18 20:58:44.425313+00
ab1dc7e1-62f3-4f79-b82d-d9df91570647;premium_cta_v1;A;view;;d2f28c49-8950-46f0-9723-dd2d33c6c32b;"{""surface"":""popup""}";2026-05-19 07:35:01.071937+00
19dc3c10-fbc3-46ac-89f0-35978467e6fb;premium_cta_v1;A;view;;247cc98a-6133-4902-a88b-22d0c60a8758;"{""surface"":""popup""}";2026-05-19 09:46:10.21285+00
a920a8d7-41e0-4545-bd31-0560489cce11;premium_cta_v1;A;view;;57810583-07fe-4cd4-951c-5d672047d4b3;"{""surface"":""popup""}";2026-05-19 10:03:01.133758+00
740d4942-8081-4099-82c1-f4042524ed7f;premium_cta_v1;B;view;;6e9551f6-3c2c-460a-b0bc-f73c6b74668d;"{""surface"":""popup""}";2026-05-19 17:55:54.343787+00
6e2d4629-baf6-475b-bf22-2d4af7df908b;premium_cta_v1;B;view;;6e9551f6-3c2c-460a-b0bc-f73c6b74668d;"{""surface"":""popup""}";2026-05-19 17:56:34.661193+00
07f96545-4d2e-4613-a2a8-4d9ba44c6233;premium_cta_v1;A;view;;49f7a729-c7ce-4bc9-91e1-a11b67eea76b;"{""surface"":""popup""}";2026-05-19 18:19:33.777376+00
b051c68a-f782-404a-9884-ed796a6b6b78;premium_cta_v1;A;view;;a54f5124-0ecb-46e2-86cf-ca8f8a246915;"{""surface"":""popup""}";2026-05-19 18:20:25.464525+00
d05af6c2-df49-4da7-a03e-4078e8f15a0f;premium_cta_v1;A;view;;32e74de2-5efc-4353-ba0a-295a892a7fb1;"{""surface"":""popup""}";2026-05-19 18:23:04.564115+00
548453a5-22a2-4a6a-9995-aa8dd67f0b53;premium_cta_v1;A;view;;d2f28c49-8950-46f0-9723-dd2d33c6c32b;"{""surface"":""popup""}";2026-05-19 18:25:23.235885+00
1e3828b0-2809-4cf0-b0cc-893df2f9d6c0;premium_cta_v1;A;view;;22c48fb4-4891-4891-8a71-77c2473eebfb;"{""surface"":""popup""}";2026-05-19 18:25:36.803728+00
1d2c5f64-26cf-4439-9491-6659129b55bc;premium_cta_v1;A;view;;18d84aa2-a42b-401e-9664-93f454583020;"{""surface"":""popup""}";2026-05-19 18:42:15.328974+00
49e8d890-2738-4823-afce-8489c2447441;premium_cta_v1;B;view;;8a8414b2-8b55-4e37-9930-2075fb6a080b;"{""surface"":""popup""}";2026-05-19 18:50:14.018881+00
c2a14ed7-a87f-40e7-a5ab-fbc5ae8140b8;premium_cta_v1;B;view;;d459450b-020c-4203-96ef-349c4cced3e6;"{""surface"":""popup""}";2026-05-19 18:56:49.177161+00
acb625a9-0e92-4a08-b8dc-8a29b30ee9e5;premium_cta_v1;A;view;;d2f28c49-8950-46f0-9723-dd2d33c6c32b;"{""surface"":""popup""}";2026-05-19 19:25:10.048791+00
f7f1bbdf-f707-4b2f-a2b2-5b73a8146430;premium_cta_v1;A;view;;8596a6e4-e359-4b7f-80ff-2e395adfc0ba;"{""surface"":""popup""}";2026-05-19 20:02:07.901036+00
99905298-b367-4be4-ae79-8d2494c9691b;premium_cta_v1;A;view;;02f7bfd2-344f-4bff-a132-fce3b618be4b;"{""surface"":""popup""}";2026-05-19 20:02:36.741741+00
9b61b10d-3ad9-49c8-ad70-6cb65546ef4d;premium_cta_v1;A;view;;8596a6e4-e359-4b7f-80ff-2e395adfc0ba;"{""surface"":""popup""}";2026-05-19 20:03:17.142918+00
03469589-e0c5-4ab0-87c8-85164ef9f05b;premium_cta_v1;A;view;;61296495-1577-4364-9093-c290f9bfc4a3;"{""surface"":""popup""}";2026-05-20 05:13:43.806136+00
0a77715f-ce13-45f2-b61d-4c4c60994950;premium_cta_v1;A;view;;61296495-1577-4364-9093-c290f9bfc4a3;"{""surface"":""popup""}";2026-05-20 05:31:21.440284+00
2a5369b0-eba0-4dbe-9a53-70a521bdceaa;premium_cta_v1;A;view;;f0334472-63af-4c39-8707-f76b519e8938;"{""surface"":""popup""}";2026-05-20 07:31:21.92581+00
c360fe58-fe43-4c13-83d2-0522d7157d49;premium_cta_v1;A;view;;ae97d035-780c-4049-aa5d-06a597eaffbf;"{""surface"":""popup""}";2026-05-20 07:32:46.351916+00
0da2ae17-50e3-4d33-a793-5262e7ad3b08;premium_cta_v1;B;view;;1d6fbd12-2920-4ae5-8ace-ba44c7fd2e9f;"{""surface"":""popup""}";2026-05-20 07:45:50.871146+00
e46f0d35-693b-4a4e-94ee-5995b41dd162;premium_cta_v1;A;view;;4f4a4a85-e948-40e5-ab0f-8245b853ad62;"{""surface"":""popup""}";2026-05-20 12:25:27.323053+00
833a3a15-6e81-4346-8eae-3d1ccdd36aed;premium_cta_v1;A;view;;d2f28c49-8950-46f0-9723-dd2d33c6c32b;"{""surface"":""popup""}";2026-05-20 13:44:34.70212+00
2aee88d1-c203-4270-8a61-ed0123cc9d6f;premium_cta_v1;A;view;;61296495-1577-4364-9093-c290f9bfc4a3;"{""surface"":""popup""}";2026-05-20 13:44:42.558677+00
b7af53fe-fa28-4a85-80b9-db05638ff134;premium_cta_v1;A;view;;4f4a4a85-e948-40e5-ab0f-8245b853ad62;"{""surface"":""popup""}";2026-05-20 15:09:37.757778+00
5dd65408-2373-4581-bbaa-ef96cc6a5f7e;premium_cta_v1;A;view;;61296495-1577-4364-9093-c290f9bfc4a3;"{""surface"":""popup""}";2026-05-20 15:30:23.21626+00
363a6c01-bf64-4b68-9008-84be3c77f4ba;premium_cta_v1;A;view;;8596a6e4-e359-4b7f-80ff-2e395adfc0ba;"{""surface"":""popup""}";2026-05-20 19:09:13.971467+00
073824cd-dbc3-49ae-a35d-445141f04536;premium_cta_v1;A;view;;8596a6e4-e359-4b7f-80ff-2e395adfc0ba;"{""surface"":""popup""}";2026-05-20 19:09:23.809773+00
84025622-2e2e-46b8-a2e5-bb2bd4e94645;premium_cta_v1;A;view;;f3bfd4aa-7b43-425b-acb0-005ab5b63377;"{""surface"":""popup""}";2026-05-20 19:09:23.965456+00
dcb9a103-b195-4cb4-9d0f-6393dd953bde;premium_cta_v1;B;view;;42adb6eb-ae94-41f7-be19-a8b616ad3b33;"{""surface"":""popup""}";2026-05-20 19:09:24.659085+00
2f08b413-7911-4220-a257-1fc3e9f65b3f;premium_cta_v1;B;view;;31bfbb20-7d21-4af7-bc10-b6d2171f0386;"{""surface"":""popup""}";2026-05-20 19:09:24.986318+00
55503507-b95a-4ba7-9f1b-6a17f7ffb565;premium_cta_v1;B;view;;a9ea1a76-3ea9-44ea-b5ab-ab3ba73b5493;"{""surface"":""popup""}";2026-05-20 19:09:25.118937+00
9dbe1125-1bb6-44ae-b8fd-600c46b69c8b;premium_cta_v1;A;view;;850853ef-058f-421d-87be-4f759164263f;"{""surface"":""popup""}";2026-05-20 19:09:25.151412+00
46997dd6-fffa-4aee-a152-e8bdadc1cc59;premium_cta_v1;B;view;;36a3205a-22e2-4942-bcfe-922b6db10e7f;"{""surface"":""popup""}";2026-05-20 19:09:25.609565+00
6af59487-6bf1-41b2-93bd-79967347afa0;premium_cta_v1;A;view;;5d0eeae6-5166-4b76-a720-23235d30e727;"{""surface"":""popup""}";2026-05-20 19:09:33.937982+00
8c84a422-4bb5-4a51-8caf-e832106d43ea;premium_cta_v1;A;view;;5ac0550a-799c-4ccd-a541-8f288cfb3abe;"{""surface"":""popup""}";2026-05-20 19:09:34.061389+00
b70b387f-4348-4533-abb8-8a7d717b5e75;premium_cta_v1;A;view;;169ad506-cdfa-439e-8813-793cc616becd;"{""surface"":""popup""}";2026-05-20 19:09:32.633561+00
5cc30e63-e5c8-4fbc-920b-375ded089c7e;premium_cta_v1;A;view;;f480a63b-24fa-473b-9701-9ab516d5e68c;"{""surface"":""popup""}";2026-05-20 19:09:34.787046+00
6831b7e1-905d-417b-b09e-896b9fc9af2c;premium_cta_v1;A;view;;bdcf6890-86ff-414d-ae4b-69201df9bc3d;"{""surface"":""popup""}";2026-05-20 19:09:35.69492+00
a0798b86-b89d-490f-bc95-953378774fcd;premium_cta_v1;A;view;;a4e4ecec-fd13-479d-8189-801d02f9e4dd;"{""surface"":""popup""}";2026-05-20 19:09:36.313899+00
b1562303-8556-4287-b486-938634ff663a;premium_cta_v1;B;view;;2a7bd9db-2503-4ffc-9293-25c18034127f;"{""surface"":""popup""}";2026-05-20 19:09:44.124409+00
df35373b-666f-4ad0-80ad-1fa4e03b31fe;premium_cta_v1;A;view;;7194d4b4-284c-4656-ac94-deee742b73b2;"{""surface"":""popup""}";2026-05-20 19:09:32.687902+00
9aef5e0d-2072-44a8-be8e-ea8973809325;premium_cta_v1;B;view;;60931467-18e0-419e-88a7-ca19dfd7953d;"{""surface"":""popup""}";2026-05-20 19:09:34.633289+00
52bb1d35-9717-40af-a52c-d0d2e5c24d1b;premium_cta_v1;B;view;;dcd54021-1ffd-4f70-bd27-5567ac7ee8a8;"{""surface"":""popup""}";2026-05-20 19:09:33.411001+00
592c6183-fac5-4af4-9430-425fd2bf7237;premium_cta_v1;A;view;;c0f8b504-7ee5-4e12-a048-9ae5870e756d;"{""surface"":""popup""}";2026-05-20 19:09:33.614566+00
e1d6eb9b-e8a4-4c3d-88d0-b2409a3aba86;premium_cta_v1;B;view;;5533dbbc-848e-4433-a56e-6e43031d4768;"{""surface"":""popup""}";2026-05-20 19:09:33.981353+00
6360939e-8570-4925-b1fa-4f4ae577c657;premium_cta_v1;B;view;;eaa44fcc-2328-4563-88ef-b4fd653a7d48;"{""surface"":""popup""}";2026-05-20 19:09:34.130292+00
6ec379d9-c8c2-428a-b267-749481059fa6;premium_cta_v1;B;view;;b8edb7cb-fe6f-4ed0-a6c7-eb94e5244c0a;"{""surface"":""popup""}";2026-05-20 19:09:34.615498+00
cd6ac8b6-5a9e-416e-9704-285c4a428644;premium_cta_v1;A;view;;5c8e2d3c-ef31-4d77-ade1-ae33c57eaaa5;"{""surface"":""popup""}";2026-05-20 19:09:44.463386+00
f8f674bd-e39c-4d48-9071-085e3eaf1a15;premium_cta_v1;B;view;;5db59ab7-773a-4ea9-b1f8-41db83c66545;"{""surface"":""popup""}";2026-05-20 19:09:47.68398+00
c8e8bf5b-a221-4014-a5ed-de0364575e65;premium_cta_v1;B;view;;9c510873-699e-4fd8-9c21-bfd327f44190;"{""surface"":""popup""}";2026-05-20 19:11:09.903559+00
e792ae2f-7bfc-4542-a441-39a25cf5ac53;premium_cta_v1;A;view;;3e383af8-bff9-4a45-b262-edd70d771ae2;"{""surface"":""popup""}";2026-05-20 19:11:10.562881+00
c12f617d-2df6-4225-93e3-5ff23a9ca6c3;premium_cta_v1;A;view;;6ad8699e-f474-4ec7-8fe5-bdd780a33d4b;"{""surface"":""popup""}";2026-05-20 19:11:10.566368+00
641dab4a-cc1b-4d21-80fb-7fcb54d5e4c0;premium_cta_v1;B;view;;a7d91aeb-d774-40f9-aa85-8e99d385131a;"{""surface"":""popup""}";2026-05-20 19:11:10.594884+00
1fb6293d-ea4b-47e3-bc25-a542ddf1ffe7;premium_cta_v1;B;view;;4fc83337-24cf-412d-9f88-57a4d9c2685e;"{""surface"":""popup""}";2026-05-20 19:11:11.358701+00
aa421908-846a-492e-b620-e40a98f3ec1b;premium_cta_v1;A;view;;0698ed8d-8361-45e5-aaba-5a030ed66192;"{""surface"":""popup""}";2026-05-20 19:11:11.687972+00
ba46683b-bf3b-4561-bb10-0249f6d15326;premium_cta_v1;A;view;;755ec6a8-ed1b-4c2d-b890-681bdd92f832;"{""surface"":""popup""}";2026-05-20 19:12:26.3014+00
6c303a63-4fb2-438b-97b2-c476f2858928;premium_cta_v1;A;view;;cb860508-eb4d-4937-92f4-c7d50b77969b;"{""surface"":""popup""}";2026-05-20 19:14:35.861779+00
5cd8d714-2b72-40f8-9679-97fde57cbdb6;premium_cta_v1;B;view;;67fd166c-9f47-4ea2-a239-ffe32d885bc6;"{""surface"":""popup""}";2026-05-20 19:14:35.890993+00
bf87a1ad-5f86-41fb-91bc-c2e7420d6929;premium_cta_v1;A;view;;f6919fee-b4e7-4703-8360-65c3fbfdf9c8;"{""surface"":""popup""}";2026-05-20 19:17:36.87397+00
87043be8-4f80-4e36-99a0-c7bc7f3f0e01;premium_cta_v1;B;view;;c8e6d17b-8264-4a43-8061-307b5bc7e678;"{""surface"":""popup""}";2026-05-20 19:17:37.64553+00
28c307a6-4937-4bec-a499-5c675f22abf9;premium_cta_v1;B;view;;9281f599-20ab-41ee-8eae-adab77483067;"{""surface"":""popup""}";2026-05-20 19:17:38.963517+00
aefccd93-8c84-40c2-9440-666717934ed8;premium_cta_v1;A;view;;12092aa2-3dc9-4120-8b87-b85f52be854f;"{""surface"":""popup""}";2026-05-20 19:17:43.670681+00
9159ae6f-6e8f-4500-a2de-adcc70037a88;premium_cta_v1;B;view;;1ef6e472-3e7a-4f99-b687-e5d2d2df59fc;"{""surface"":""popup""}";2026-05-20 19:18:57.654348+00
14d3143e-e0c8-4fa6-82d1-4908a8ca6e5f;premium_cta_v1;B;view;;1e782252-15ae-4ed4-9707-bcee540992e2;"{""surface"":""popup""}";2026-05-20 19:18:58.008744+00
2d0b26ed-701a-4f65-8027-b238c419bb3a;premium_cta_v1;A;view;;06a752c1-8f82-44c1-b604-886a2a76d2e8;"{""surface"":""popup""}";2026-05-20 19:19:00.128206+00
07ea5d2d-3e57-4397-abee-c7fed80566cc;premium_cta_v1;A;view;;11bc42f2-647d-4568-b6b1-6550fc9702a8;"{""surface"":""popup""}";2026-05-20 19:19:10.769874+00
5d2c314e-a756-4572-9f66-566f712e3a5b;premium_cta_v1;A;view;;688f21bd-469b-46db-9865-92f945f657c3;"{""surface"":""popup""}";2026-05-20 19:19:41.63386+00
06ff655c-5ff4-4d55-a1d3-e8e86b1390c9;premium_cta_v1;A;view;;bb34c3b6-c0ba-4964-bd7d-a4532c619924;"{""surface"":""popup""}";2026-05-20 19:19:42.055199+00
443c481a-23eb-4dd1-8025-4ecb7f2f4c74;premium_cta_v1;A;view;;61296495-1577-4364-9093-c290f9bfc4a3;"{""surface"":""popup""}";2026-05-20 19:41:08.102643+00
c24ef9ec-159e-4687-aba1-15df6c31b95e;premium_cta_v1;B;view;;6e26065a-1629-4739-a165-adf12b74febe;"{""surface"":""popup""}";2026-05-20 19:42:36.602987+00
1d441c03-d34e-4801-94ca-4fa90c902c90;premium_cta_v1;B;view;;6e26065a-1629-4739-a165-adf12b74febe;"{""surface"":""popup""}";2026-05-20 19:59:33.117788+00
ea6a52f2-df54-4663-b1cd-14eef8cee468;premium_cta_v1;B;view;;22ff182e-32bf-4044-a0b9-82055bf0da82;"{""surface"":""popup""}";2026-05-20 20:02:58.985928+00
e11f33c0-e872-41b1-af98-6a8b75d1230b;premium_cta_v1;B;click;a054a758-1720-4129-945e-a18825017661;;"{""surface"":""popup_open""}";2026-05-20 20:05:18.725141+00
4838f74b-219b-45f4-b464-d4cecefbc32d;premium_cta_v1;A;view;;a4848a9f-33b0-401a-b506-8fecce8a8c77;"{""surface"":""popup""}";2026-05-20 20:06:01.326529+00
626d5fa4-4364-418a-b13a-7d3549d27d65;premium_cta_v1;A;view;;d0c5e527-22dc-4b07-b4f6-b73c0137eebe;"{""surface"":""popup""}";2026-05-20 20:06:01.420161+00
75c1a426-a7fd-4788-888b-067dfd5f8f83;premium_cta_v1;B;view;;cee12879-2f82-4d48-bc5e-e884d1edfafb;"{""surface"":""popup""}";2026-05-20 20:06:05.695255+00
cdaf0b15-07f8-4c82-be1a-45a045751b92;premium_cta_v1;A;view;;c23fdd85-84ea-4f84-b74e-13500e1278ba;"{""surface"":""popup""}";2026-05-20 20:06:05.747125+00
489dc820-ee91-40df-aa85-402a029871e6;premium_cta_v1;A;view;;bd2f22bc-f1b4-4a94-ae1b-0ff99cfeebd2;"{""surface"":""popup""}";2026-05-20 20:06:05.954819+00
0e7a7dd7-f799-4a0d-b794-1af96b693608;premium_cta_v1;B;view;;7358103f-6c00-4ebc-ae5a-fa603802ea23;"{""surface"":""popup""}";2026-05-20 20:06:07.162537+00
009f152f-68eb-464b-83e3-dae6c20deb55;premium_cta_v1;A;view;;5b9f9fc5-e0f0-45cd-aced-6417ba04d10e;"{""surface"":""popup""}";2026-05-20 20:06:07.487787+00
5ccadce8-ef96-4294-9690-41f300a4166c;premium_cta_v1;B;view;;278f51ab-25fe-4a7b-95f3-1315d78b942e;"{""surface"":""popup""}";2026-05-20 20:06:20.912855+00
67b4df0a-93a0-4f5e-ade6-0227337bafdb;premium_cta_v1;B;view;;eb9dbea4-02d1-4130-a28b-d08d69db4b92;"{""surface"":""popup""}";2026-05-20 20:06:24.451995+00
6272e14f-9956-40d5-9b39-30d817b89a39;premium_cta_v1;B;click;16b6d8ac-60f7-4ec9-9575-c99654f056f7;;"{""surface"":""popup_open""}";2026-05-20 20:07:37.913985+00
6a606ec1-1d81-44b1-87c6-49f2e20fdb8f;premium_cta_v1;B;view;a054a758-1720-4129-945e-a18825017661;;"{""surface"":""popup""}";2026-05-20 20:07:46.960843+00
a6100e65-7a6c-4e32-97ba-293b5095a780;premium_cta_v1;B;click;a054a758-1720-4129-945e-a18825017661;;"{""surface"":""popup_open""}";2026-05-20 20:07:54.6499+00
973237ed-4bf9-4f40-8a1e-cd15a5992196;premium_cta_v1;B;conversion;a054a758-1720-4129-945e-a18825017661;;"{""surface"":""popup_upgrade""}";2026-05-20 20:07:59.886404+00
e7a91edd-3e10-48cf-9183-0531d8e55510;premium_cta_v1;B;click;16b6d8ac-60f7-4ec9-9575-c99654f056f7;;"{""surface"":""popup_open""}";2026-05-20 20:08:05.188075+00
65a44824-0d77-4129-93d7-3d00a2c8f6d6;premium_cta_v1;B;click;16b6d8ac-60f7-4ec9-9575-c99654f056f7;;"{""surface"":""popup_open""}";2026-05-20 20:08:08.292506+00
83fe482e-8d9e-465f-ab8e-dcf17c0bdb8e;premium_cta_v1;B;conversion;16b6d8ac-60f7-4ec9-9575-c99654f056f7;;"{""surface"":""popup_upgrade""}";2026-05-20 20:08:11.853256+00
b6f01f0d-d2d0-40ca-b95c-0996b90c921a;premium_cta_v1;A;view;;31ec19a9-62aa-4aa1-b1ff-b6689f559b9e;"{""surface"":""popup""}";2026-05-20 20:14:30.226615+00
38c2d0d3-0ffb-49c9-9935-1435562d14ce;premium_cta_v1;B;click;16b6d8ac-60f7-4ec9-9575-c99654f056f7;;"{""surface"":""popup_open""}";2026-05-20 20:18:55.799319+00
43bae457-1ba7-40a5-b098-6d89bf98476e;premium_cta_v1;B;click;16b6d8ac-60f7-4ec9-9575-c99654f056f7;;"{""surface"":""popup_open""}";2026-05-20 20:19:33.318214+00
1a559dc9-ed5b-488e-a29c-aff5633cba5d;premium_cta_v1;B;conversion;16b6d8ac-60f7-4ec9-9575-c99654f056f7;;"{""surface"":""popup_upgrade""}";2026-05-20 20:19:34.2814+00
9c426b0c-6705-473e-a360-1e0c93509c9e;premium_cta_v1;A;view;;36d4e848-f357-4564-9ed0-f2ea8b7933c8;"{""surface"":""popup""}";2026-05-20 20:24:11.090939+00
6668af1c-e52f-4057-874a-7d1861a6a28b;premium_cta_v1;A;view;;0236e5f9-a787-4105-956e-d0d2059b3e37;"{""surface"":""popup""}";2026-05-20 20:26:44.840525+00
cf7bcb8c-75b7-4ac6-96fa-0fbd53f56759;premium_cta_v1;B;view;;e90725a0-0942-486e-aeb6-993d60092c93;"{""surface"":""popup""}";2026-05-20 20:26:45.010572+00
e569ab14-1a4b-4937-886e-63440e54424a;premium_cta_v1;A;view;;e4085675-36fe-4911-aa03-5aff8f34bff1;"{""surface"":""popup""}";2026-05-20 20:26:45.072835+00
a173a86c-1633-4eba-a06c-f7a3739422f7;premium_cta_v1;B;view;;c84aa1a7-b1d8-40d5-ad86-9fb5b28245ce;"{""surface"":""popup""}";2026-05-20 20:26:45.085806+00
24946715-24cf-4f66-8cad-df9c0a25006c;premium_cta_v1;B;view;;4645d416-d6df-4f84-96c4-77c2fa5f8290;"{""surface"":""popup""}";2026-05-20 20:26:45.095783+00
f3b137d3-e47c-44de-bacb-72084414cb25;premium_cta_v1;A;view;;0993d95d-c960-4179-9755-bef4b44e9e27;"{""surface"":""popup""}";2026-05-20 20:26:45.773257+00
d17f4252-8648-4dad-a829-7d1c7ecc56cc;premium_cta_v1;A;view;;0649a0a7-d445-487f-b7e3-d4403ce0c561;"{""surface"":""popup""}";2026-05-20 20:26:58.160814+00
7eec1adb-14f4-4aac-9d81-465b8b57c033;premium_cta_v1;B;view;;2da681ab-5ae5-483a-8484-5182c96ff7bc;"{""surface"":""popup""}";2026-05-20 20:27:10.297879+00
aa7d396a-3cd8-4937-adea-9f2e872da406;premium_cta_v1;A;view;;1c220787-5fe6-4c8c-ae09-1c48e0462dd6;"{""surface"":""popup""}";2026-05-20 20:27:25.311456+00
e40b3b1f-4a68-4beb-9c33-a4df7221c6e2;premium_cta_v1;B;view;;2f131389-5e80-440f-9db5-055fe5f0edb5;"{""surface"":""popup""}";2026-05-20 20:27:42.340343+00
dd491046-1a7b-4bba-9bdf-869fc5feec6b;premium_cta_v1;A;view;;eada0445-17b7-4a80-bca8-eefbbea15543;"{""surface"":""popup""}";2026-05-20 20:27:52.991339+00
e38be54a-32dc-4622-a4c0-bf8fcf44bac1;premium_cta_v1;B;view;;ccc1c744-895c-447f-be35-343fa01ec39e;"{""surface"":""popup""}";2026-05-20 20:27:53.621254+00
65e59e5d-31fa-47a0-9625-7462441e8a7a;premium_cta_v1;A;view;;0d0cdcef-7934-4665-bcff-f0a703428a54;"{""surface"":""popup""}";2026-05-20 20:27:54.777742+00
101540b6-7dd6-4cf4-a7c2-fff80a8a209c;premium_cta_v1;B;view;;3d9abb7e-7323-4173-89e1-4db1ec6ecaed;"{""surface"":""popup""}";2026-05-20 20:27:56.931182+00
0b470523-675f-4d83-b995-4c20c4d48829;premium_cta_v1;B;view;;5a3859e6-a28c-4aab-9811-922cb1614430;"{""surface"":""popup""}";2026-05-20 20:27:57.009273+00
4316b765-abf3-4564-8958-49140422576f;premium_cta_v1;A;view;;936430f6-301d-498b-ba6d-0dc6524d14b4;"{""surface"":""popup""}";2026-05-20 20:28:00.722999+00
f98704d5-2597-49b9-94a6-0457c5f61484;premium_cta_v1;B;view;;927f93c9-b2c5-499c-bbce-ad49bdf881f3;"{""surface"":""popup""}";2026-05-20 20:28:32.663352+00
0f316f09-4c56-41b3-942c-ea1ce95e28f5;premium_cta_v1;B;view;;4c84d07d-c924-43a2-b0a4-3e11df77a8fb;"{""surface"":""popup""}";2026-05-20 20:28:34.004539+00
c8d386b3-669f-4349-8632-400129fa0dd3;premium_cta_v1;A;view;;fa11a373-e63c-4df2-a58a-9a7c3c4e3cd8;"{""surface"":""popup""}";2026-05-20 20:28:34.318283+00
1998d651-94eb-4589-9db5-1ab8af0a5235;premium_cta_v1;A;view;;aeec8b76-4f00-491e-9a24-10057c89d543;"{""surface"":""popup""}";2026-05-20 20:28:52.819868+00
78618dd7-4969-424c-96ef-107960b0e0ef;premium_cta_v1;B;view;;c9f038b8-279d-49fa-8480-b88638de41b3;"{""surface"":""popup""}";2026-05-20 20:28:06.986069+00
adbfd5dc-cbc7-453e-9ba8-37fa3afe290b;premium_cta_v1;B;view;;2c5d60e2-ee39-4451-901f-b900d82b13b3;"{""surface"":""popup""}";2026-05-20 20:28:07.332777+00
00c78885-30ba-4d52-b495-d75fc9f86a70;premium_cta_v1;B;view;;e73d0d1f-fd05-4084-831e-096a6e8136a0;"{""surface"":""popup""}";2026-05-20 20:28:22.551004+00
08a7acf7-f60f-43b3-a68d-194b0395d536;premium_cta_v1;A;view;;a9fa28bc-a9cb-40d5-812b-eba1a496401a;"{""surface"":""popup""}";2026-05-20 20:28:25.393565+00
5f8e88cd-8a58-419a-bc10-ebfe3ea2a27a;premium_cta_v1;B;view;;90e2fb39-9059-4446-8fe3-1b5436f05f7b;"{""surface"":""popup""}";2026-05-20 20:28:34.508991+00
6743ed52-6617-41e4-8833-5352db1fecef;premium_cta_v1;A;view;;253bd819-0128-4095-a255-86c2719133c1;"{""surface"":""popup""}";2026-05-20 20:28:47.600793+00
893b7844-8e91-4b4b-957d-a9683a323a0d;premium_cta_v1;A;view;;4a48fdce-6a59-4941-b731-1dd67ff0bb7e;"{""surface"":""popup""}";2026-05-20 20:28:53.503981+00
810b3a36-d89e-4205-8dd4-8254828e86d1;premium_cta_v1;A;view;;2cb73f98-3b3f-4b50-a9c2-505e13573c78;"{""surface"":""popup""}";2026-05-20 20:28:54.242687+00
7a9f2341-d2b0-4dcb-ad0b-09f7df07c4ba;premium_cta_v1;B;view;;58c72371-25d3-495c-93f7-c5ffe4980846;"{""surface"":""popup""}";2026-05-20 20:36:46.396592+00
0fb69df1-2478-4e49-835d-adc1885d6e0d;premium_cta_v1;A;view;;8eb8ba5c-7daf-44ae-9190-3d4e34aa365e;"{""surface"":""popup""}";2026-05-20 20:39:52.201499+00
42fe98df-fd28-4c13-8947-7c3e462b45a2;premium_cta_v1;A;view;;caf9fb64-4c0e-466c-9ad8-7abbfb02af69;"{""surface"":""popup""}";2026-05-20 20:40:54.800626+00
d30035e1-bea4-44ce-83fa-963bc4a47dc7;premium_cta_v1;B;view;;4b309f30-43d1-410c-9210-af63fd9b7dd3;"{""surface"":""popup""}";2026-05-20 20:41:55.678121+00
ea8c8c13-3ba0-404e-9fbd-d439dd256bca;premium_cta_v1;B;view;;4f875cec-0844-455c-8ddd-06cdd9068372;"{""surface"":""popup""}";2026-05-20 20:41:55.85404+00
0d177070-fdc5-46b7-8bda-905230f609bd;premium_cta_v1;A;view;;3840d59a-aefa-49b6-9c70-c9e3f147a4d0;"{""surface"":""popup""}";2026-05-20 20:41:55.895448+00
7e7cad59-bc99-4996-ade3-0ce78c4ee179;premium_cta_v1;B;view;;33047bbc-57eb-494d-8530-43c06760740f;"{""surface"":""popup""}";2026-05-20 20:41:56.131197+00
419a2895-8bae-46fb-ac79-9b31e3948171;premium_cta_v1;B;view;;5bba0236-4cfc-49f8-821a-896f48a73a57;"{""surface"":""popup""}";2026-05-20 20:41:58.822653+00
791d7505-3967-427a-a0ad-05ba33959081;premium_cta_v1;A;view;;7a810864-03c4-4183-b0d4-1abd25466d03;"{""surface"":""popup""}";2026-05-20 20:41:59.077004+00
1c7aca90-7fba-4b27-beae-d1b21b3f7dbb;premium_cta_v1;A;view;;99f17264-475e-46a4-9224-a80ef2b8eead;"{""surface"":""popup""}";2026-05-20 20:41:59.106177+00
8a80beda-0bbe-4862-9997-b6e57c08d70f;premium_cta_v1;A;view;;b335c34d-88d7-4992-9e69-01a3c822689d;"{""surface"":""popup""}";2026-05-20 20:41:59.236232+00
d9e57d2b-21ca-430f-ade1-9a9702b46135;premium_cta_v1;B;view;;a1ba8c14-d85d-43ed-8e81-7179850c5555;"{""surface"":""popup""}";2026-05-20 20:41:59.38369+00
33a42c84-c31f-4099-98e6-9ab7fa76b875;premium_cta_v1;A;view;;8d84a805-5502-48cf-aaa3-c4cd73403624;"{""surface"":""popup""}";2026-05-20 20:41:59.395452+00
0877f3d0-39ea-472d-85c7-978833830fd9;premium_cta_v1;A;view;;4446b08e-cf39-470e-a759-a8f33c88bd37;"{""surface"":""popup""}";2026-05-20 20:42:00.057466+00
71b69b63-5077-4080-9a0e-4f1c2bba66a4;premium_cta_v1;B;view;;2b416b85-ca0a-4815-b8d0-a205aaec9006;"{""surface"":""popup""}";2026-05-20 20:42:00.079544+00
b510f371-7b57-466a-9971-f74757ee584c;premium_cta_v1;A;view;;538d6c4c-3e17-4b35-9d42-cbaf2f3ae629;"{""surface"":""popup""}";2026-05-20 20:42:02.251034+00
cb2f8bb7-6df5-4b03-9732-dd6645b110c5;premium_cta_v1;B;view;;71e7e265-7ea5-471d-900f-9bf72223745b;"{""surface"":""popup""}";2026-05-20 20:42:02.277632+00
a38a3ebc-4a78-4857-8c47-41204f004b76;premium_cta_v1;B;view;;503b8d72-5f93-4f68-af64-4a65ec131f7f;"{""surface"":""popup""}";2026-05-20 20:42:03.200418+00
1f57cf2f-5517-4320-9930-89ead250b771;premium_cta_v1;A;view;;9143c2f4-7f3d-4b0c-b66b-d053e096f2b3;"{""surface"":""popup""}";2026-05-20 20:42:04.236978+00
1e383dfa-f45f-4de7-a688-eea53be49903;premium_cta_v1;B;view;;e1860b53-a5d9-4738-b2e2-d6cc266f4149;"{""surface"":""popup""}";2026-05-20 20:42:10.048758+00
0eed6e65-9070-43d7-8e95-ed32290190f3;premium_cta_v1;A;click;a75c02a1-6432-4349-9b80-d1ca01468249;;"{""surface"":""popup_open""}";2026-05-20 20:43:23.155341+00
a06ddd4a-4e2a-4ce0-bfc3-23c72c02238c;premium_cta_v1;A;conversion;a75c02a1-6432-4349-9b80-d1ca01468249;;"{""surface"":""popup_upgrade""}";2026-05-20 20:43:29.057976+00
98041db1-f7e8-49c7-81ea-a318a4abe9d5;premium_cta_v1;B;view;;6e26065a-1629-4739-a165-adf12b74febe;"{""surface"":""popup""}";2026-05-20 20:45:26.872694+00
9fc8795d-3771-4d2d-ab3c-294efeda01e5;premium_cta_v1;A;view;;b346a8ba-573e-499b-9220-36b10dcce012;"{""surface"":""popup""}";2026-05-20 20:47:50.610531+00
9ac3e9c9-fa6b-4a3d-89e4-64da1fc18ae3;premium_cta_v1;B;view;;d46083b9-b0a2-4e6f-83e9-e20a675e86e0;"{""surface"":""popup""}";2026-05-20 20:47:53.12412+00
c6a84193-d16a-4052-9260-d14ff7a72b1c;premium_cta_v1;B;view;;80308063-8773-46e0-b1ff-2b01b6b7a8de;"{""surface"":""popup""}";2026-05-20 20:47:55.376069+00
cbd9ad0f-2258-41f2-a53e-d439c44651dd;premium_cta_v1;B;view;;5b7898bf-7aa9-4c6b-93ce-8d50e215588d;"{""surface"":""popup""}";2026-05-20 20:50:08.119736+00
726a5988-793f-489e-b237-6ea8b897e571;premium_cta_v1;B;view;;cc41bbb5-cadf-4bfd-b4c4-2364844dfb13;"{""surface"":""popup""}";2026-05-20 20:52:12.295661+00
3a67e878-e93c-4182-93ab-e828db93ce45;premium_cta_v1;A;view;;demo-user-A-0001;"{""surface"":""popup""}";2026-05-20 20:53:56.201149+00
0d1a3574-fea5-4379-93eb-1ffa3e515b9d;premium_cta_v1;A;click;;demo-user-A-0001;"{""surface"":""popup_open""}";2026-05-20 20:53:58.968373+00
648c943a-7288-4ab0-a70a-17ae8fd80017;premium_cta_v1;A;click;;6fb190f8-7417-46c3-ac59-be503e991946;"{""surface"":""popup_open""}";2026-05-20 20:56:24.750283+00
35857684-8707-4d89-9927-a8e326c2202e;premium_cta_v1;B;conversion;;demo-user-B-0002;"{""surface"":""offers_banner_upgrade""}";2026-05-20 20:57:08.891491+00
bc2ff007-2f0d-495e-bb42-6070deed0569;premium_cta_v1;B;view;;22ff182e-32bf-4044-a0b9-82055bf0da82;"{""surface"":""popup""}";2026-05-20 21:05:18.638168+00
15c10f9a-6fe0-4304-a188-d2a583530959;premium_cta_v1;B;view;;22ff182e-32bf-4044-a0b9-82055bf0da82;"{""surface"":""popup""}";2026-05-20 21:05:31.801155+00
9cb3f33d-383d-400a-b706-7136e5d6b366;premium_cta_v1;B;view;;e5dd9d73-e124-4f69-95cc-da83108e39b6;"{""surface"":""popup""}";2026-05-20 21:12:45.336634+00
bcfcf2ca-7249-4b30-9c61-f5220f2d0fb2;premium_cta_v1;B;view;;22ca1dd6-bf90-4555-9a79-455d9b76cb1c;"{""surface"":""popup""}";2026-05-20 21:13:12.650253+00
b0475110-99cc-4e97-a64d-b79c917530e1;premium_cta_v1;A;view;;1eb81b1d-b674-43cc-b185-f160193cf870;"{""surface"":""popup""}";2026-05-20 21:13:35.292676+00
2f5d61a3-5b31-422f-a205-336e22b5170c;premium_cta_v1;B;view;;35af3a25-9e03-472b-8341-3f5cbe1b93cf;"{""surface"":""popup""}";2026-05-20 21:13:35.296549+00
3d4f7124-1371-464a-a029-87d4255bf05e;premium_cta_v1;A;view;;2e56d232-cd66-4ce4-b7bf-47e651d5bf14;"{""surface"":""popup""}";2026-05-20 21:13:35.604876+00
5dec4322-530f-4d85-b9bb-0bee5a649e53;premium_cta_v1;B;view;;39b940f3-115b-4166-b186-957099552048;"{""surface"":""popup""}";2026-05-20 21:13:35.891993+00
4c3c35a6-54dd-43cf-9b72-6eb5a61191b7;premium_cta_v1;B;view;;522d783c-74b5-452e-8090-f362253bd5dc;"{""surface"":""popup""}";2026-05-20 21:14:00.29835+00
fa3ab17a-7ee0-4ae0-a593-24a2dd4afd5f;premium_cta_v1;A;view;;97b46247-32f3-4da9-b357-204e7f3cbe61;"{""surface"":""popup""}";2026-05-20 21:14:00.384312+00
58cccd43-49a9-447b-940f-bc6b9a2b1278;premium_cta_v1;B;view;;6e5fd207-999f-4d5d-a5ad-926c3c8c140a;"{""surface"":""popup""}";2026-05-20 21:14:00.890041+00
bcd44529-3791-47fd-8cf0-9e1fae3510a7;premium_cta_v1;B;view;;4b0a5d29-8e52-4370-b97a-82751bf97a9e;"{""surface"":""popup""}";2026-05-20 21:14:01.864511+00
f6362032-685f-4155-9b97-3dee98c9ed5f;premium_cta_v1;A;view;;1a293cb8-2ce1-4146-98ad-0252d9c4dfd5;"{""surface"":""popup""}";2026-05-20 21:14:02.144139+00
e72e4a42-8348-49a6-a53e-a6b21835cac5;premium_cta_v1;B;view;;7699b11e-4d3d-478a-b707-53858904723e;"{""surface"":""popup""}";2026-05-20 21:14:02.618048+00
eadb54de-157b-43eb-a56d-794bb82bd202;premium_cta_v1;A;view;;2df7c31b-b9d9-422f-b77d-7990375b0f11;"{""surface"":""popup""}";2026-05-20 21:14:02.82129+00
b989f221-a2f3-450c-9cc9-bfe133196547;premium_cta_v1;A;view;;bc11bdfc-5fbd-436a-a9c9-69afb2627b6c;"{""surface"":""popup""}";2026-05-20 21:14:03.677892+00
1d4c21b6-0abf-46a0-9417-bcfd8d32a7bf;premium_cta_v1;B;view;;879557d7-e8c1-40be-ba53-b55c50d547e4;"{""surface"":""popup""}";2026-05-20 21:14:17.010092+00
6480a55e-a41a-450e-8585-483a25cd3995;premium_cta_v1;A;view;;b7f0f063-403a-4b50-92c7-1a8a04ea36dd;"{""surface"":""popup""}";2026-05-20 21:14:18.030419+00
6debcbe3-69a4-4ed0-9d3d-43427fc91c15;premium_cta_v1;A;view;;0bb31aaa-98d3-4e59-a080-5bdbf247a9de;"{""surface"":""popup""}";2026-05-20 21:14:30.315683+00
e8cab334-3f35-4417-8a40-096a697927d8;premium_cta_v1;A;view;;ba8e0673-1d58-4838-ab7f-dda7e7fae2be;"{""surface"":""popup""}";2026-05-20 21:14:40.712996+00
0b1d9be4-b98e-4571-8652-d11352e246f8;premium_cta_v1;B;view;;c349a724-b085-4bd2-b93f-708e2f2dd4fe;"{""surface"":""popup""}";2026-05-20 21:18:20.213029+00
797682b7-c184-457c-96bc-f2c34f3b2726;premium_cta_v1;A;view;;70d0197a-1ac6-46db-89bc-c282993ca173;"{""surface"":""popup""}";2026-05-20 21:43:27.433797+00
2dc6a76c-ff04-4d4a-9b64-5dc7310e1b63;premium_cta_v1;A;view;;3c76f381-395e-46ef-8058-c7e7e5e8ef07;"{""surface"":""popup""}";2026-05-20 21:43:28.952684+00
5c95b9b8-8199-4845-9ba2-d8c991f8a5d3;premium_cta_v1;A;view;;a9f4ddc9-24e5-49d8-9d02-14dcf2713f2c;"{""surface"":""popup""}";2026-05-20 21:43:35.229421+00
c23898af-434f-48bb-b8e9-c37f10f3634e;premium_cta_v1;B;view;;e293ff1d-5356-4c0f-ab78-8487e9b1bc3c;"{""surface"":""popup""}";2026-05-20 22:08:29.82209+00
1ad5c810-9416-4a3a-9ff0-e1053bb779b6;premium_cta_v1;A;view;;09369809-3afe-4bd3-a65c-3cfb7f14ae9e;"{""surface"":""popup""}";2026-05-20 23:54:20.9164+00
ca13e13c-d593-4a3a-b531-ecb4a9385f2b;premium_cta_v1;A;view;;0eb6228b-f5c2-4f1c-bb5c-9d3ab5ba9d82;"{""surface"":""popup""}";2026-05-21 00:22:45.843241+00
d859ed0d-d398-432c-baec-205b28af1f89;premium_cta_v1;B;view;;7f5132bd-3e35-4fcd-bcdf-4ee345ec5cf6;"{""surface"":""popup""}";2026-05-21 01:52:13.809831+00
89820436-17fc-483a-ba85-2a7de3f75506;premium_cta_v1;A;view;;3c82f4aa-273b-4333-a22a-392ba0b56e86;"{""surface"":""popup""}";2026-05-21 03:17:34.757527+00
6d89369a-ff07-478c-a2c1-e14a3bbfcb70;premium_cta_v1;A;view;;0a30aa3a-fca4-4b56-93cc-bbfb8d341ff9;"{""surface"":""popup""}";2026-05-21 03:17:40.668378+00
0c9d3095-5c62-4c46-889d-2987a494bb7a;premium_cta_v1;B;view;;727c5550-d01d-4bd6-88d7-25f1329d90be;"{""surface"":""popup""}";2026-05-21 07:34:23.9902+00
2de61c1f-1eba-4ce8-93fb-18274d52f9f3;premium_cta_v1;B;view;;4f23cb5d-bb56-42b8-90b4-eb871354c7b7;"{""surface"":""popup""}";2026-05-21 07:34:57.612124+00
699ac88c-e7e5-471d-8586-7af962bee8dd;premium_cta_v1;A;view;;42444077-6042-4eb9-970e-ede0991a910f;"{""surface"":""popup""}";2026-05-21 07:44:52.730332+00
2c0b21c8-b778-45cd-8502-cd0d183c787a;premium_cta_v1;B;view;;16eb6533-5c82-49c8-ac7f-2a31faf84e5d;"{""surface"":""popup""}";2026-05-21 07:44:52.749246+00
3707eaaa-1958-409e-bb96-6a422f92cc61;premium_cta_v1;A;view;;298db720-2332-48ca-8dfc-ed26863a6f33;"{""surface"":""popup""}";2026-05-21 07:44:52.811519+00
29c15fd6-4c91-4ee0-a914-ea13129fd8a2;premium_cta_v1;A;view;;6e2abbca-af32-4ea4-a185-b4e342bb99c8;"{""surface"":""popup""}";2026-05-21 07:56:11.041407+00
4e9c0b53-66fb-42c8-b9c4-b75c1456d31b;premium_cta_v1;A;view;;354e45a0-9967-41b3-90bb-9a846fac224e;"{""surface"":""popup""}";2026-05-21 07:58:24.956109+00
2749c7bd-f851-4be5-84e3-39b44eaa062d;premium_cta_v1;A;view;;1c62b5c3-4c44-477b-89cc-3af97ac4e94e;"{""surface"":""popup""}";2026-05-21 08:04:31.424597+00
b9667c9d-116c-4729-beb5-30a8aa67035f;premium_cta_v1;A;view;;700cb889-4510-4926-8d38-ff328ddc2fa2;"{""surface"":""popup""}";2026-05-21 08:11:56.347565+00
0f54f4fd-60ac-4846-a953-4cb47569f446;premium_cta_v1;B;view;;demo-user-B-0002;"{""surface"":""popup""}";2026-05-21 08:12:17.052239+00
c3439b38-1d66-44ef-b102-e40f0c177249;premium_cta_v1;B;conversion;;demo-user-B-0002;"{""surface"":""offers_banner_upgrade""}";2026-05-21 08:13:22.477946+00
e95bfa57-3939-4c72-b58d-deeb41e8d6ad;premium_cta_v1;A;view;;d2f28c49-8950-46f0-9723-dd2d33c6c32b;"{""surface"":""popup""}";2026-05-21 10:28:39.739814+00
73644342-76a9-48a0-bbf9-0390a6b772e1;premium_cta_v1;A;click;;d2f28c49-8950-46f0-9723-dd2d33c6c32b;"{""surface"":""popup_open""}";2026-05-21 10:28:42.545128+00
b2fdf8a7-ae25-4131-a3ff-86509e58de77;premium_cta_v1;A;conversion;;d2f28c49-8950-46f0-9723-dd2d33c6c32b;"{""surface"":""popup_upgrade""}";2026-05-21 10:28:43.767256+00
667ce61e-afc9-477c-94b8-1900d3e210d2;premium_cta_v1;A;view;;e29a1c00-73fc-44ab-b596-38629f436182;"{""surface"":""popup""}";2026-05-21 10:29:27.828377+00
3f069f89-44ac-4d45-93fb-08bc9acc9efd;premium_cta_v1;A;view;;1e30cd5a-0601-4946-9a10-a2ca5b3cf7f5;"{""surface"":""popup""}";2026-05-21 10:29:28.719569+00
20020dbc-f953-44ab-8b58-25ed6ddf984c;premium_cta_v1;B;view;;c6e91b92-6daa-417f-b908-3e625b7bb1d1;"{""surface"":""popup""}";2026-05-21 10:29:28.922817+00
d95616d8-ef27-4ab1-884a-89150685512a;premium_cta_v1;B;view;;7d2d3302-b498-421f-a2ca-c0e4dd0472a8;"{""surface"":""popup""}";2026-05-21 10:29:29.352096+00
0a54e4e3-bd57-49b4-8648-45ac4b83ffb9;premium_cta_v1;B;view;;b4acbbb4-d27d-49ad-b9a9-a1f7feec8c3e;"{""surface"":""popup""}";2026-05-21 10:29:29.407509+00
09958d7d-4f79-416d-8f82-ce644c307206;premium_cta_v1;A;view;;f61bb964-6125-4dfb-8889-6b122bb731f9;"{""surface"":""popup""}";2026-05-21 10:29:29.508159+00
b6fbf8dc-a170-473a-bb89-8eb122c1b4f0;premium_cta_v1;A;view;;18e977ef-0394-4626-97c2-dac108f16149;"{""surface"":""popup""}";2026-05-21 10:29:30.79098+00
183285dd-fbb3-457f-ba5e-7ec2f908f895;premium_cta_v1;B;view;;5331fdb7-3418-4767-959c-3d3dd21d4e47;"{""surface"":""popup""}";2026-05-21 10:29:30.87912+00
53780e54-9cdd-440d-9ddb-2ca406fd286a;premium_cta_v1;B;view;;234b31fb-2ab0-4767-907c-527bc40b52bf;"{""surface"":""popup""}";2026-05-21 10:29:31.119937+00
478fe624-89f1-415a-9368-7af90938b6e2;premium_cta_v1;B;view;;2266a3ee-8cb2-4f8f-b8d3-3b972627f130;"{""surface"":""popup""}";2026-05-21 10:29:31.21299+00
cc958b81-ee87-4938-84f1-deee81913afa;premium_cta_v1;A;view;;4a993c8e-0955-43d3-8218-69e0fade25df;"{""surface"":""popup""}";2026-05-21 10:29:32.971942+00
14fe1ecf-e441-452e-8cbb-eec5fac6a4df;premium_cta_v1;A;view;;7cd23a19-5696-44ae-9da0-5570954edca3;"{""surface"":""popup""}";2026-05-21 10:29:33.956323+00
3fc7323e-3077-4019-b021-4ec6c18ef602;premium_cta_v1;B;view;;ad62e793-031f-4b72-bc26-cec113904272;"{""surface"":""popup""}";2026-05-21 12:00:16.304545+00
e3eb257f-1a81-453c-8a0a-9344291b9658;premium_cta_v1;A;view;;6e2abbca-af32-4ea4-a185-b4e342bb99c8;"{""surface"":""popup""}";2026-05-21 12:09:55.413059+00
242cf17d-37d0-462f-ae24-91634b05f5c9;premium_cta_v1;A;view;;354e45a0-9967-41b3-90bb-9a846fac224e;"{""surface"":""popup""}";2026-05-21 12:10:34.956833+00
994b88e9-c6d3-4193-b322-4e43d04bb0b9;premium_cta_v1;A;view;;fbf7c575-24b2-4d93-80c4-269b06ab6aae;"{""surface"":""popup""}";2026-05-21 12:16:07.762242+00
10138f6d-a004-4533-8783-67947bf97e9a;premium_cta_v1;A;view;;fbad3efa-7481-4a21-8132-39b34f7ecbe7;"{""surface"":""popup""}";2026-05-21 12:27:50.76824+00
ccf2e1d9-8abb-4ad1-ab9a-50e6bf53a4a8;premium_cta_v1;B;view;;05f916ff-9358-42ee-a6f7-f970b36a824e;"{""surface"":""popup""}";2026-05-21 15:17:38.574035+00
234774c6-a71e-4946-bfa7-21b398027cba;premium_cta_v1;B;view;;6e9551f6-3c2c-460a-b0bc-f73c6b74668d;"{""surface"":""popup""}";2026-05-21 17:02:45.720275+00
de1461fc-4145-48a1-83e6-16ae4e7ab70c;premium_cta_v1;B;click;a054a758-1720-4129-945e-a18825017661;;"{""surface"":""popup_open""}";2026-05-21 17:29:45.921451+00
8d52f5e6-b5b8-4bf8-bee9-eb61cdadd20c;premium_cta_v1;B;conversion;a054a758-1720-4129-945e-a18825017661;;"{""surface"":""popup_upgrade""}";2026-05-21 17:29:47.247652+00
aa790434-9f3f-4495-b9b9-803b7a9615d8;premium_cta_v1;A;view;;c2a1809b-d42b-4b8a-bda0-9563000a5645;"{""surface"":""popup""}";2026-05-21 18:07:42.082431+00
55da379a-e716-447b-9a71-1302bced5ced;premium_cta_v1;A;view;;67efded6-96cf-4dde-a136-3d47a7776e6d;"{""surface"":""popup""}";2026-05-21 18:07:55.613189+00
66383469-8ce3-45f8-900e-a50b5f74431c;premium_cta_v1;A;view;;8596a6e4-e359-4b7f-80ff-2e395adfc0ba;"{""surface"":""popup""}";2026-05-21 19:32:54.023524+00
9b6d0cd6-767b-44e4-936d-340ceb40fe1a;premium_cta_v1;A;view;;1ae0a353-62fe-44ca-9d18-806924315aae;"{""surface"":""popup""}";2026-05-21 19:33:05.45106+00
e1a470be-dafc-428a-a302-fde54679531a;premium_cta_v1;B;view;;01ac76c6-5616-4953-8a5d-1d0de0ef975a;"{""surface"":""popup""}";2026-05-21 19:33:05.635767+00
5eeae30f-bbde-46a0-8756-01ba5d11e2bc;premium_cta_v1;B;view;;57b3c082-05c0-4110-a1cc-f6fc82d5c271;"{""surface"":""popup""}";2026-05-21 19:33:05.712573+00
3b6b347d-816b-4b3c-8292-4e4f57d00542;premium_cta_v1;B;view;;2d80379c-73b2-4930-a648-c0821b1e0377;"{""surface"":""popup""}";2026-05-21 19:33:05.854166+00
1291b2eb-1589-42c3-b0fe-41291c4282b0;premium_cta_v1;A;view;;bbafa3d0-0f53-444b-b5cf-f506030303d5;"{""surface"":""popup""}";2026-05-21 19:33:06.087506+00
9f4091c6-2c65-487b-8b75-55ad8791d333;premium_cta_v1;B;view;;9b17d294-19b3-4be6-8615-135e2e5e0816;"{""surface"":""popup""}";2026-05-21 19:33:06.204302+00
420c1f0f-dbac-4d49-b6d6-e2c4da4a566e;premium_cta_v1;A;view;;eb6e5263-5898-41de-a56b-107296dfc118;"{""surface"":""popup""}";2026-05-21 19:33:06.302163+00
ba89c008-405b-402d-b7c0-17a28337277c;premium_cta_v1;B;view;;902ecc0d-7dce-47d3-9f26-e6a447f8b682;"{""surface"":""popup""}";2026-05-21 19:33:06.609851+00
a65546a2-6cf6-4c0f-a197-0b0b8a34a667;premium_cta_v1;A;view;;af0f89d5-a1b1-4815-91a5-709c26643792;"{""surface"":""popup""}";2026-05-21 19:33:07.007716+00
4d5a7cc8-6a52-4877-9e91-43968f8aa84c;premium_cta_v1;A;view;;0e126ef0-d89e-4203-b602-18c1814ad2a6;"{""surface"":""popup""}";2026-05-21 19:33:11.768715+00
0b84e22b-8b66-4864-ac8f-83818ace5a3d;premium_cta_v1;A;view;;1a110188-9be4-4994-b193-fefef843aae8;"{""surface"":""popup""}";2026-05-21 19:33:16.487434+00
fd1a6399-7009-4785-b408-1a5e3bfaecc9;premium_cta_v1;A;view;;c6fd1a9b-6b39-4ea9-ab4c-d47754a84a64;"{""surface"":""popup""}";2026-05-21 19:33:12.933034+00
0e29b150-0b31-46af-9392-eb33c72fa428;premium_cta_v1;B;view;;262b4616-3dce-4023-8f91-d4b709133d90;"{""surface"":""popup""}";2026-05-21 19:33:17.43418+00
cf3e3725-6242-4269-9591-189700a931fc;premium_cta_v1;B;view;;4d22a73f-d520-42d1-9723-c58186cbb7f0;"{""surface"":""popup""}";2026-05-21 19:33:15.021353+00
4902c345-757f-4668-9a6a-e10a70ad6f8c;premium_cta_v1;A;view;;c22e3ac6-7b2f-4cdf-9151-368e7ba44002;"{""surface"":""popup""}";2026-05-21 19:35:44.424741+00
2306261a-7d29-4bcc-a4d2-0278dfdfda20;premium_cta_v1;A;view;;88de1dac-a8cf-4756-8279-fa2b8a9a040c;"{""surface"":""popup""}";2026-05-21 19:35:44.459606+00
76cf2943-be0e-4990-a319-4c4fb9ba09ad;premium_cta_v1;A;view;;04eab750-c905-42bc-8635-efac22c8e47f;"{""surface"":""popup""}";2026-05-21 19:35:44.518155+00
20951fb3-5d42-42e0-bcfd-57ae82224e22;premium_cta_v1;B;view;;1c0fe487-0a97-41cd-9c32-6242086b7462;"{""surface"":""popup""}";2026-05-21 19:35:44.5373+00
4569b556-734b-41e3-93df-5f0b5729e957;premium_cta_v1;A;view;;cc9ebf26-0cb8-4e2e-a1ff-1d66ad405bcf;"{""surface"":""popup""}";2026-05-21 19:35:44.594446+00
e10d3a0e-0ccf-4779-8901-12b03bfd2686;premium_cta_v1;A;view;;db044ae8-3041-447e-a9d6-45bf7b37ae24;"{""surface"":""popup""}";2026-05-21 19:35:44.623664+00
c42db0a5-24cf-45b6-97fe-f1e6816871ae;premium_cta_v1;A;view;;76b62c1a-adc2-439f-bf3a-f0011c4ee203;"{""surface"":""popup""}";2026-05-21 19:35:44.753733+00
0658a93d-0130-421e-b13f-6c69b7a7d385;premium_cta_v1;A;view;;606e5c22-c31f-4764-b3b0-3ab73ec5b483;"{""surface"":""popup""}";2026-05-21 19:35:44.791496+00
ecf9cdfe-6476-4539-998c-beddd6b0424a;premium_cta_v1;B;view;;8663a66a-fb51-4ce5-98dc-e5f8a0412e51;"{""surface"":""popup""}";2026-05-21 19:35:45.076456+00
eee6257f-44a3-499f-a49e-6c5e559492c9;premium_cta_v1;B;view;;fcbfd3d7-2407-44e4-9e4e-b09ae1204aea;"{""surface"":""popup""}";2026-05-21 19:35:45.121684+00
519c1ba9-3dc6-4d5a-b5aa-89321dad1e75;premium_cta_v1;B;view;;08273ab9-e6ff-4444-8808-386eb5527d92;"{""surface"":""popup""}";2026-05-21 19:35:45.183559+00
4b89c285-0bc5-46f9-b893-9ed89754c3b7;premium_cta_v1;A;view;;58f5f78c-b4d6-4ac4-b175-54c68c78dca0;"{""surface"":""popup""}";2026-05-21 19:35:45.334456+00
b8effa44-37aa-4104-8519-1bd6cc55373a;premium_cta_v1;A;view;;a6c5b7cf-0f58-47a2-8a1f-12e80e3b7dad;"{""surface"":""popup""}";2026-05-21 19:35:45.348664+00
5163d2ac-9e4a-4b04-b442-e2b8bfcfd339;premium_cta_v1;B;view;;cac7917b-55f1-487d-a7a6-d1e772ddc01a;"{""surface"":""popup""}";2026-05-21 19:35:45.792719+00
659e4143-5fe3-4b41-8edd-a846aeba8ff8;premium_cta_v1;B;view;;4b085496-455f-4ec7-a1f7-92609ced1b40;"{""surface"":""popup""}";2026-05-21 19:38:13.048815+00
09fdfd4e-5855-4043-b88e-c4801089fcfe;premium_cta_v1;A;view;;b689932c-d9e3-4447-9e0a-7ca1466a4730;"{""surface"":""popup""}";2026-05-21 19:38:13.094089+00
7c3ccda6-c433-4fa2-9eee-1f130361a21f;premium_cta_v1;B;view;;958b182f-1976-4b9a-950f-fa0810c453e9;"{""surface"":""popup""}";2026-05-21 19:38:13.110284+00
e815cde5-f8c8-4afb-83cd-e2bc29d8520c;premium_cta_v1;B;view;;3094b108-e96c-4210-a4d8-206df6186cb1;"{""surface"":""popup""}";2026-05-21 19:38:13.115731+00
57dfd747-786a-417f-8e31-d06a2a027318;premium_cta_v1;B;view;;8327d331-eee4-4f58-bd82-980e65bd4eeb;"{""surface"":""popup""}";2026-05-21 19:38:13.824397+00
5862c35d-3a5b-4406-8fb1-5843908abdab;premium_cta_v1;B;view;;3addae2b-e22f-4203-897b-843018f4e277;"{""surface"":""popup""}";2026-05-21 19:38:13.824452+00
7ebd3b0f-6e48-496c-8bdc-c03e33b3720d;premium_cta_v1;A;view;;931104f1-c5d2-4af2-a88e-429c1caa0993;"{""surface"":""popup""}";2026-05-21 19:38:13.824377+00
29f22586-09a7-4e96-a5db-14562cda972f;premium_cta_v1;A;view;;93948e56-26e2-4af6-b6f4-066c18130ba3;"{""surface"":""popup""}";2026-05-21 19:38:13.834878+00
60e65a36-0aec-45bb-a8c4-670d753fc742;premium_cta_v1;B;view;;5a394dcb-c2e5-407b-ad3b-b5c126072d2d;"{""surface"":""popup""}";2026-05-21 19:38:13.893298+00
b0d75a1b-dc70-458c-a014-3ca32a55b0b5;premium_cta_v1;B;view;;bee632b1-456e-48e2-bda7-93598ac79254;"{""surface"":""popup""}";2026-05-21 19:38:13.898361+00
b8bee499-041b-442c-a19c-7554edc98b3b;premium_cta_v1;A;view;;71d5e1e1-96ff-4eb5-8e93-b9ddc44f7c8f;"{""surface"":""popup""}";2026-05-21 19:38:13.902453+00
9e0efeaa-28dc-45d1-a945-da92f9def886;premium_cta_v1;A;view;;84e6b8ad-7e81-4e1e-ad41-a8ca51bd2dc4;"{""surface"":""popup""}";2026-05-21 19:38:14.219664+00
75cb4e0f-58a1-419f-8699-43b0c1fa1b9b;premium_cta_v1;A;view;;7006d025-365d-4305-8321-40b6542c3646;"{""surface"":""popup""}";2026-05-21 19:38:14.22914+00
02c96ce1-0250-4e5f-a7e1-109364a696e8;premium_cta_v1;A;view;;a90f8755-8dcd-40dc-b994-1ef6c24ca434;"{""surface"":""popup""}";2026-05-21 19:38:14.306605+00
46a5b25d-91da-4c1c-a786-3b602cd6d619;premium_cta_v1;B;view;;65351208-03c3-4bfb-b36e-1fcca55885bc;"{""surface"":""popup""}";2026-05-21 19:38:14.314185+00
582dd0d6-3d40-4a80-aaec-0187479ff490;premium_cta_v1;B;view;;1496508d-a45d-4ecf-a00e-2f73849813d4;"{""surface"":""popup""}";2026-05-21 19:38:14.384585+00
3ded2c80-307a-4cca-86f3-2bc231ec64a6;premium_cta_v1;A;view;;a7d08aee-f4b1-4724-be8b-06177e3a8e00;"{""surface"":""popup""}";2026-05-21 19:38:14.422015+00
b826f590-54dc-4ab7-b923-66e8e3772999;premium_cta_v1;A;view;;9f0ab938-d156-4227-ad9b-46aaa29b5faf;"{""surface"":""popup""}";2026-05-21 19:38:14.583111+00
3f57e545-75a2-40a4-9530-cb702d37bbfe;premium_cta_v1;A;view;;66fb39f1-d781-475c-af85-7f458b8beeec;"{""surface"":""popup""}";2026-05-21 19:38:14.684991+00
63e82f33-492b-4e01-bf64-6192de36873f;premium_cta_v1;A;view;;253bc49d-9351-48bd-949d-5e7af55713d1;"{""surface"":""popup""}";2026-05-21 19:38:14.753845+00
0d554de7-2595-4db3-bdf9-bbc0b137325c;premium_cta_v1;B;view;;e85d35d6-1754-4e66-b27a-7b255b5f76bf;"{""surface"":""popup""}";2026-05-21 19:38:14.837023+00
ca7d7301-a80e-4ecc-8430-2d1508fa80e1;premium_cta_v1;A;view;;9f72aa68-8050-4b3d-9d59-3976c7ff5cd0;"{""surface"":""popup""}";2026-05-21 19:38:15.117611+00
825454e5-e8c8-4bce-8aaf-10aa53add246;premium_cta_v1;B;view;;6bb571fe-5e16-41e4-abeb-503f2f04fa2a;"{""surface"":""popup""}";2026-05-21 19:38:15.154368+00
d8e47f36-cb62-476d-9a95-389972b30ade;premium_cta_v1;B;view;;56f1acf8-dde1-436c-8dd8-9b101d20e6de;"{""surface"":""popup""}";2026-05-21 19:38:15.172213+00
a33e4fe7-9536-4150-889f-1b8bbaeb2c8f;premium_cta_v1;A;view;;a240bd38-79ac-428d-b930-f440293fc2b1;"{""surface"":""popup""}";2026-05-21 19:38:15.249219+00
067dca17-1153-4561-b738-e6395d94a1e7;premium_cta_v1;B;view;;f5646deb-8526-4cbc-b987-2791feef02ea;"{""surface"":""popup""}";2026-05-21 19:38:16.578304+00
495f2062-3e04-496b-ae34-7396ada68d0a;premium_cta_v1;A;view;;63cfc406-9830-4ee6-b970-8b43a795f549;"{""surface"":""popup""}";2026-05-21 19:38:18.068743+00
1f4e338b-dbd2-4943-ae85-1a8f9ce67cc7;premium_cta_v1;B;view;;7b12baaf-cab9-44bc-aa4b-f179d8343826;"{""surface"":""popup""}";2026-05-21 19:38:24.376992+00
58bfbe20-ff84-49b1-9131-f55ee39a70e0;premium_cta_v1;A;view;;d2c21ad0-f941-4357-9f35-8a1e70c318da;"{""surface"":""popup""}";2026-05-21 19:38:49.806868+00
acf873dc-2505-4195-88e2-6189074bfc10;premium_cta_v1;A;view;;fe6b9719-3de6-4071-acd0-4d84d236a0be;"{""surface"":""popup""}";2026-05-21 19:41:04.697137+00
56452c42-ccb6-4e67-8ff5-bea33a875e9f;premium_cta_v1;A;view;;6bdc156b-6413-41a5-bfb6-ddff5dbac599;"{""surface"":""popup""}";2026-05-21 20:13:32.05353+00
bb634d82-4a61-4cef-b86a-a0f1ad6bc0d9;premium_cta_v1;B;view;;afcb4de1-98af-41bc-8cc4-e1d7fb1f7d1d;"{""surface"":""popup""}";2026-05-21 20:23:43.965052+00
ab4253af-3a49-421e-82ff-424bd6154670;premium_cta_v1;B;view;;8fb0913d-24bf-4f3f-b9c9-1ed1b7c75e78;"{""surface"":""popup""}";2026-05-21 20:23:45.013851+00
8df0a391-2af8-4ed9-aa67-e9b342a3225a;premium_cta_v1;B;view;;a2932848-fcee-4c44-8943-7a8f08eff0e2;"{""surface"":""popup""}";2026-05-21 20:23:46.339568+00
cc4720c4-59a7-4e45-8b20-0f0109bdce97;premium_cta_v1;B;view;;1f10b221-2b43-4612-902d-57de7b375b6d;"{""surface"":""popup""}";2026-05-21 20:23:52.529971+00
cfe9a1b7-99e0-4288-8242-ea11263fa0e6;premium_cta_v1;A;view;;c873aab7-5554-4e5b-a175-da56e49d0928;"{""surface"":""popup""}";2026-05-21 20:24:03.772972+00
430b9490-8642-4e57-9241-3adb187c6046;premium_cta_v1;B;view;;f239222b-d4b4-4a6b-a389-3d607bca1305;"{""surface"":""popup""}";2026-05-21 20:24:04.878482+00
15ba6476-61a8-468f-91ee-8cb7d5eef1f8;premium_cta_v1;A;view;;f5055767-36d6-4064-b9ac-400622331758;"{""surface"":""popup""}";2026-05-21 20:24:06.195253+00
7306418c-e1ee-488b-b98f-91df6023f541;premium_cta_v1;B;view;;b19bdaf7-c077-4a74-8586-421ef5d3813c;"{""surface"":""popup""}";2026-05-21 20:24:27.604411+00
b9ce43b8-524b-471f-8581-c7e0cbcc1203;premium_cta_v1;A;view;;6c26b480-9d3e-497a-b4fc-06b465968eda;"{""surface"":""popup""}";2026-05-21 20:24:28.06427+00
1baffecb-a398-409c-ae94-b0eb39fd174a;premium_cta_v1;A;view;;76d72619-00d4-4c80-baec-31939972b0e5;"{""surface"":""popup""}";2026-05-21 20:24:38.537294+00
1e7d1df8-4003-4b95-b6b8-e7b960bacd31;premium_cta_v1;B;view;;5be009b0-2d93-4104-81fc-3d79f8740f3a;"{""surface"":""popup""}";2026-05-21 20:24:38.577654+00
e9a0c62a-97a0-4176-aee2-7049fa800476;premium_cta_v1;B;view;;99292c45-273d-4db7-b3bf-b8eea653f0ec;"{""surface"":""popup""}";2026-05-21 20:24:44.585975+00
99458344-5e90-4198-8d9e-4849ea92b568;premium_cta_v1;B;view;;37b7851f-b969-428c-aa13-3746558b36ae;"{""surface"":""popup""}";2026-05-21 20:24:46.599917+00
05279a89-4273-4dd7-8bf4-3cb0788e2ecc;premium_cta_v1;B;view;;19083bcf-979c-475e-99dd-f8070b939c68;"{""surface"":""popup""}";2026-05-21 20:24:57.302417+00
e7489619-1bb9-4943-b567-c3bb09591a37;premium_cta_v1;B;view;;34f47e0c-2595-4456-a214-9f2212efc6ce;"{""surface"":""popup""}";2026-05-21 20:24:46.945842+00
2e51e3ad-16c0-47a9-b3e0-bb8eb093fd49;premium_cta_v1;B;view;;480b8623-d08e-4342-adcc-25224d1fed5b;"{""surface"":""popup""}";2026-05-21 20:25:18.085355+00
b28e7c5d-aa69-4166-b2dd-02ae81856bae;premium_cta_v1;B;view;;b87f9c09-46c8-4a94-84d2-6c34fe5fcf56;"{""surface"":""popup""}";2026-05-21 20:25:18.722945+00
660f6a5c-2f4b-4125-a3cc-cac59e73f305;premium_cta_v1;B;view;;a251b6e7-8953-4f02-9ba7-d41a2d530d48;"{""surface"":""popup""}";2026-05-21 20:25:39.76415+00
58c05f78-51d2-4c77-9a1e-317d76e6d21d;premium_cta_v1;B;view;;d6c142fe-e025-450e-a3de-419e362c6c3f;"{""surface"":""popup""}";2026-05-21 20:25:39.928059+00
21121d58-863c-4bd3-aac2-ffd45515c28d;premium_cta_v1;A;view;;add06335-2745-42bc-8bbc-03e9e3541ef8;"{""surface"":""popup""}";2026-05-21 20:25:45.878345+00
4507e61c-d630-4674-a197-bd760ee2ce9a;premium_cta_v1;B;view;;c83bee5e-6d8c-4b45-8c1e-70149a33ae2d;"{""surface"":""popup""}";2026-05-21 20:29:36.424821+00
c89ebf62-2de0-4cc8-ae88-88fc69da0bb1;premium_cta_v1;B;view;;6fc4e028-ff2d-48f8-97b5-e04361c70d6c;"{""surface"":""popup""}";2026-05-21 20:29:36.899002+00
25b16ac5-a7fe-4966-b134-b9013bcafaba;premium_cta_v1;A;view;;f42d3a35-a24d-42f9-8e12-c60d60171942;"{""surface"":""popup""}";2026-05-21 20:29:37.269559+00
50e03187-8bc8-46c1-9c9c-8ffaf2bee9a2;premium_cta_v1;A;view;;4aa35748-dbc7-4b8b-b0ab-2e7a9495d0c2;"{""surface"":""popup""}";2026-05-21 20:29:46.709939+00
4e28a807-8cf7-43f3-a7d1-a26e4e4a2c3d;premium_cta_v1;A;view;;d7e0f029-0310-4a56-8fba-6069596172e8;"{""surface"":""popup""}";2026-05-21 20:29:48.247839+00
8ebe18f9-96bf-44c3-9920-0363b2169771;premium_cta_v1;A;view;;d820776c-3e4f-42c4-840c-d478b64a543b;"{""surface"":""popup""}";2026-05-21 20:29:51.622872+00
dfa837a7-8bd9-4969-b8ed-a3265fe39a27;premium_cta_v1;A;view;;5530cc3d-01e9-4083-9ce8-6a53fd5477f5;"{""surface"":""popup""}";2026-05-21 20:30:03.905329+00
b189faa0-a4cf-4b7d-a003-4fe50fda2514;premium_cta_v1;B;view;;dc504a15-eacc-4cfa-b96a-6c1913f90308;"{""surface"":""popup""}";2026-05-21 20:30:04.429182+00
33c922e1-09f5-4d39-8556-4256715619b1;premium_cta_v1;B;view;;ab18a925-bfe9-4d28-bb4f-37ba553c2074;"{""surface"":""popup""}";2026-05-21 20:30:05.532927+00
1fdd218c-c625-4500-b3d5-2c8606b3efad;premium_cta_v1;B;view;;5cd9dbaa-845a-4020-95d2-cd9981b872c0;"{""surface"":""popup""}";2026-05-21 20:30:12.340422+00
7f485d9f-3138-464f-88c8-de64576f5640;premium_cta_v1;A;view;;47001ac0-e437-4ca3-8833-2e3499ebf554;"{""surface"":""popup""}";2026-05-21 20:30:12.630521+00
85332b36-6dde-433c-b457-5019d1bba39d;premium_cta_v1;A;view;;b0fe7d6b-d35a-433c-b044-1b243697dace;"{""surface"":""popup""}";2026-05-21 20:30:23.001695+00
63de4110-4451-4cc0-99dc-0d7890bb1f04;premium_cta_v1;B;view;;6b977172-d41e-4b75-83f6-f98981a2a7d6;"{""surface"":""popup""}";2026-05-21 20:30:25.699383+00
3cd56df6-975e-45cb-8de5-1605b829d003;premium_cta_v1;B;view;;d2149890-d0f4-400f-90e8-1879cca6099d;"{""surface"":""popup""}";2026-05-21 20:30:25.723149+00
9d4e4b82-9358-4175-8da0-fe6c9fd6ee18;premium_cta_v1;A;view;;e889e0ab-3e37-450a-a6ce-b7c789eb6c7f;"{""surface"":""popup""}";2026-05-21 20:30:25.921247+00
14010723-58a4-4ec1-a71c-4d3223a81c8a;premium_cta_v1;A;view;;629a3597-03ff-4974-8a0b-0a0c681274a8;"{""surface"":""popup""}";2026-05-21 20:30:50.29065+00
add0ee7b-a9bf-4ade-bd50-045f251f3930;premium_cta_v1;B;view;;deaacfaf-4f39-41ed-9898-d65950f9b13d;"{""surface"":""popup""}";2026-05-21 20:30:51.852417+00
edba6564-a24d-4d16-bcc2-74591f24c428;premium_cta_v1;A;view;;8596a6e4-e359-4b7f-80ff-2e395adfc0ba;"{""surface"":""popup""}";2026-05-21 21:00:54.348933+00
0dff205b-172c-4866-bfd3-61e891525c8e;premium_cta_v1;A;view;;15b19a66-d200-424a-b40c-ec8bbf9b7c13;"{""surface"":""popup""}";2026-05-21 21:01:25.104009+00
8450038d-e405-4d87-8fbe-1781f79136b5;premium_cta_v1;B;view;;784300f1-359c-4988-a696-4222e897e440;"{""surface"":""popup""}";2026-05-21 21:01:26.046656+00
29592634-7c77-45da-88f8-5b0a35aa6032;premium_cta_v1;B;view;;66c2167b-5600-4dc6-a2b6-22c3d72c5317;"{""surface"":""popup""}";2026-05-21 21:01:28.224402+00
a6767b07-b643-40eb-ab72-5b6abf823c17;premium_cta_v1;B;view;;6dbbab2d-9235-4f30-80b1-14f99821d68f;"{""surface"":""popup""}";2026-05-21 21:01:28.323652+00
d3fcceed-6692-4eb7-8897-4bc536faefb2;premium_cta_v1;B;view;;f5acd944-c114-4b1c-9afd-19be6ceda1d9;"{""surface"":""popup""}";2026-05-21 21:01:28.375405+00
310d2e85-eef8-49cc-a288-824ca6f298c1;premium_cta_v1;B;view;;a3f44da2-e9e2-49b2-9b14-9f1b24c2046e;"{""surface"":""popup""}";2026-05-21 21:01:28.394414+00
61b948f9-4356-4ad3-8309-7f105509fe10;premium_cta_v1;B;view;;520cc88e-f89d-4276-aacd-a967e766e953;"{""surface"":""popup""}";2026-05-21 21:01:28.411357+00
4888b0c5-459e-4696-8f00-fca0cb9eda01;premium_cta_v1;A;view;;1f5a3889-e5ab-4381-8770-584c60d2fdb3;"{""surface"":""popup""}";2026-05-21 21:01:28.733263+00
0e254245-3ef6-45ad-a532-1359f0fc83de;premium_cta_v1;B;view;;7cfb877a-804d-40a2-b5ce-121df95ca54f;"{""surface"":""popup""}";2026-05-21 21:01:29.810451+00
6629f197-4bad-44bb-bad5-0f1fa11b61ef;premium_cta_v1;A;view;;43ff08d2-8104-4393-933e-a3c83bbce84c;"{""surface"":""popup""}";2026-05-21 21:01:32.502068+00
09d7fbff-7faf-42d8-b7e4-b4140cd1ff84;premium_cta_v1;A;view;;0d40fa56-c6e1-4fbb-be61-95fe2c2e8411;"{""surface"":""popup""}";2026-05-21 21:01:37.613635+00
953c58b8-25d6-4f0f-a35f-e813140c3e6f;premium_cta_v1;B;view;;42ae7de1-933c-4051-af4c-02c929f86b56;"{""surface"":""popup""}";2026-05-21 21:24:28.786677+00
6581147e-b43d-4dd4-8007-28888bd55aeb;premium_cta_v1;B;view;;a98d2600-111c-4c8c-86c5-bfeff0ed94bc;"{""surface"":""popup""}";2026-05-21 21:24:28.856817+00
a422b506-badc-4b41-9e43-80fb38ffd274;premium_cta_v1;B;view;;dd6135e8-70d5-4123-9429-fe37a904e77e;"{""surface"":""popup""}";2026-05-21 21:24:29.041589+00
d6525fe8-e2bf-4855-9a8f-65b0eef50d87;premium_cta_v1;A;view;;0f51666a-6469-450a-b2cb-ff3cfb19d0e1;"{""surface"":""popup""}";2026-05-21 21:24:29.366516+00
2f376e83-ac42-4e7d-ac92-15042280248e;premium_cta_v1;A;view;;a6ff8acc-eb82-41e5-a34b-54116a9bdcf4;"{""surface"":""popup""}";2026-05-21 21:24:29.953724+00
59e4bdd7-3484-420b-9872-18a55fb85f5e;premium_cta_v1;B;view;;f3d4e817-bacb-41df-9c4d-e531a12ea6ee;"{""surface"":""popup""}";2026-05-21 21:24:30.104464+00
cd545184-3454-42df-a4a2-562212e3cf9c;premium_cta_v1;A;view;;f35490ff-84f8-4ac0-9492-5733e81606ca;"{""surface"":""popup""}";2026-05-21 21:24:30.176773+00
01c93399-29ca-4509-b2c0-61860fa560cb;premium_cta_v1;B;view;;376e8b50-6670-4144-9d5c-fe7fad557eb5;"{""surface"":""popup""}";2026-05-21 21:24:30.368778+00
0b7234f5-c381-42a6-bc48-5b05a637e2ef;premium_cta_v1;A;view;;1b52f3c3-bc8c-4c69-8828-7134c419a262;"{""surface"":""popup""}";2026-05-21 21:24:30.681922+00
48a76565-8e08-4c55-bd9f-f97ba0cf862f;premium_cta_v1;B;view;;e42e05ff-01bd-4086-abb6-efbace541d5c;"{""surface"":""popup""}";2026-05-21 21:24:32.004358+00
6e68597a-0c79-4083-8b99-f306e728cdc9;premium_cta_v1;B;view;;3f289774-daf7-4e39-a97f-3cc89e7c705d;"{""surface"":""popup""}";2026-05-21 21:24:31.991243+00
91d9f6a6-3fd6-4a8f-80d5-421c2fa24750;premium_cta_v1;A;view;;a1f62a6b-864b-4548-b6f7-1b5988314d34;"{""surface"":""popup""}";2026-05-21 21:24:35.937825+00
eb7fe411-5a83-4c5b-9cd3-fab2a2535efc;premium_cta_v1;B;view;;5a57f8ed-d112-4428-bbd0-e7adab9db719;"{""surface"":""popup""}";2026-05-21 21:24:44.862009+00
da7507c9-f1cf-493d-b07c-1b06586a7ffe;premium_cta_v1;B;view;;027c3aae-e796-4c96-9a7d-998472dfa535;"{""surface"":""popup""}";2026-05-21 21:24:45.738112+00
522bb825-788e-42ed-b607-f86bf8624f67;premium_cta_v1;B;view;;131f35f5-871b-4daa-8e3d-c324aa1e9aa5;"{""surface"":""popup""}";2026-05-21 21:24:48.749399+00
07905558-e646-484a-be19-6b89a90554ba;premium_cta_v1;A;view;;b306848d-0e7b-4e66-b2fb-4d3c32057b67;"{""surface"":""popup""}";2026-05-21 21:24:51.152363+00
c845e990-ca8c-48ff-b267-d9506e8ef9e8;premium_cta_v1;B;view;;b9257760-ba44-4c94-8c8b-e0c0a12a734f;"{""surface"":""popup""}";2026-05-21 21:24:55.595672+00
be780b02-35bd-4efb-8831-ff697b0670d4;premium_cta_v1;A;view;;1ede3519-1565-4fd2-a74a-368d4d01ad5a;"{""surface"":""popup""}";2026-05-21 21:24:57.316891+00
07306b05-7f7e-4c19-a7f9-ab6306990d5a;premium_cta_v1;B;view;;61825114-09ac-4a3c-bb0e-244000dc1b9d;"{""surface"":""popup""}";2026-05-21 21:24:58.85038+00
1e070705-6d21-426a-8c65-2f781c0467e0;premium_cta_v1;A;view;;bdbaf8f3-5d6d-4041-a3f8-ccf4e94e6753;"{""surface"":""popup""}";2026-05-21 21:24:58.93052+00
c9d24e0b-d26f-43d1-862b-ebd4c2c7454a;premium_cta_v1;A;view;;3e749b7e-e90d-4d9d-b1ce-0f1b09ff4690;"{""surface"":""popup""}";2026-05-21 21:25:00.219059+00
a9a6848c-94f4-4113-8bc4-d97a2c899e9c;premium_cta_v1;B;view;;8222f129-2afe-4197-937e-0afd39cf6ce6;"{""surface"":""popup""}";2026-05-21 21:25:00.933795+00
0c77d05a-e66b-4855-9d9a-740ee0fbb288;premium_cta_v1;B;view;;042c68f8-5152-4c2d-b4ea-c0991c8e60df;"{""surface"":""popup""}";2026-05-21 21:25:08.192319+00
272b1310-9800-4874-9e6e-bdf91e65fcad;premium_cta_v1;A;view;;7476b87c-d599-4e57-8c7b-85836835b385;"{""surface"":""popup""}";2026-05-21 21:25:08.63541+00
914008bd-3048-4cc7-aec4-0d7c0dea8749;premium_cta_v1;A;view;;80d78b50-ce82-4ec8-a746-bb6d68eefb83;"{""surface"":""popup""}";2026-05-21 21:25:08.819175+00
b5aa8e38-0bab-434a-9276-f16fb4ec1016;premium_cta_v1;A;view;;8e07e03f-84e2-45ba-a672-c1a5322ef9e3;"{""surface"":""popup""}";2026-05-21 21:25:10.300405+00
06fe0d3d-07c0-4e94-bcf2-066bb2108d11;premium_cta_v1;A;view;;83bb4730-109d-4be0-b0ab-f74e75454d4e;"{""surface"":""popup""}";2026-05-21 21:25:19.944528+00
75b331b7-f424-4b08-8319-5c1251e4b351;premium_cta_v1;A;view;;20aad35d-bb4a-4fd0-995e-a581b491b039;"{""surface"":""popup""}";2026-05-21 21:25:09.366316+00
c1a92416-2bad-46f7-ba1c-35fe0a25aa38;premium_cta_v1;B;view;;864605c8-9703-4496-ac98-4f166cc82ef7;"{""surface"":""popup""}";2026-05-21 21:25:25.068883+00
5a1090a0-b114-4927-aa74-dd9d6645ef66;premium_cta_v1;A;view;;632008f1-4ec4-45fc-8c17-4f6200235bcc;"{""surface"":""popup""}";2026-05-21 21:25:30.818416+00
e3a02f26-cc8d-45d9-8906-82ebc82c596a;premium_cta_v1;B;view;;07a74c55-d2fa-426f-b9d3-9f559eaca4d6;"{""surface"":""popup""}";2026-05-21 21:25:31.592397+00
7dcb2551-f293-45a1-bc27-3d92be9fc0b2;premium_cta_v1;A;view;;495adaf5-8eb4-4080-9c10-42737ca7801b;"{""surface"":""popup""}";2026-05-21 21:25:09.398459+00
866f71bf-de59-412f-a634-f1bffe86e5fb;premium_cta_v1;A;view;;01ce5894-3098-433f-8bba-288e63f26f01;"{""surface"":""popup""}";2026-05-21 21:25:09.59881+00
5edf8a55-cacc-4297-a01e-0ffaecd93a2d;premium_cta_v1;B;view;;75ab72e6-70a1-4029-8149-c9d0e65a199b;"{""surface"":""popup""}";2026-05-21 21:25:10.495164+00
fedb83ff-bf6f-4a01-9b04-954707eb5819;premium_cta_v1;A;view;;6af799e0-dcf8-4eb9-a621-cd0e2a72198a;"{""surface"":""popup""}";2026-05-21 21:25:09.750945+00
a19d248f-1afe-4da2-8637-446d48f7654c;premium_cta_v1;A;view;;303d4cc6-ff1c-4cac-9763-899c3dc32f09;"{""surface"":""popup""}";2026-05-21 21:25:19.702492+00
0232c49a-cffd-49d4-bdac-05d4b5a6215f;premium_cta_v1;A;view;;c29c8b15-9694-41a0-8dce-f7afcf63b3bc;"{""surface"":""popup""}";2026-05-21 21:25:10.138055+00
7f062f30-c012-4e29-80c0-feff87ca89c7;premium_cta_v1;B;view;;ac17f6f3-f351-49e6-97b9-95de895c80bc;"{""surface"":""popup""}";2026-05-21 21:25:25.580721+00
daea5171-77f7-4ae4-a54a-6f59b06a4d07;premium_cta_v1;B;view;;7056bb8d-876a-4273-84ed-73623fffa2be;"{""surface"":""popup""}";2026-05-21 21:25:27.79845+00
23897c54-42c4-49d9-b892-321c0466b330;premium_cta_v1;B;view;;85591b21-a249-4009-8638-2ee36603318c;"{""surface"":""popup""}";2026-05-21 21:25:10.208007+00
a4a1591e-6717-4e76-b01f-c478fe72f820;premium_cta_v1;A;view;;9ed82e04-47fe-451b-ba43-8d0f2a038b72;"{""surface"":""popup""}";2026-05-21 21:25:23.340755+00
6f03e6a9-f2f2-474b-ae9b-838f1915c192;premium_cta_v1;B;view;;27ac9a72-9a42-48ed-81a8-313d20bb1de7;"{""surface"":""popup""}";2026-05-21 21:25:25.370579+00
f3321335-e5c5-4126-bf0b-7ab3153d8dbb;premium_cta_v1;A;view;;ab136c02-fa23-4ff0-864c-f4f2fafc754b;"{""surface"":""popup""}";2026-05-21 21:25:28.053617+00
52c321d1-d857-4547-ac8d-47ff1a662917;premium_cta_v1;B;view;;253b9ee1-23f6-4ef7-9e31-6c97af139fb0;"{""surface"":""popup""}";2026-05-21 21:25:31.26733+00
278673af-28d8-4ad4-9f49-8b416ab4f23c;premium_cta_v1;B;view;;45f83e80-63e4-4674-ade3-582c8b5052bc;"{""surface"":""popup""}";2026-05-21 21:25:59.890129+00
7bfaf442-09ef-4a04-8ebf-ee1f16f73792;premium_cta_v1;A;view;;f7ef0fa7-2f8d-4a07-a4cc-7e04c4da3dbc;"{""surface"":""popup""}";2026-05-21 21:25:31.840239+00
03f83cb8-4a65-4775-943f-310eecec63c4;premium_cta_v1;B;view;;ccbfe9a5-c7fa-40dd-808d-9b785497dc53;"{""surface"":""popup""}";2026-05-21 21:33:42.30945+00
fa434648-a99d-46a5-b5a3-8285ccaeac7e;premium_cta_v1;B;view;;ecc66726-da59-4fcf-b175-56fd56ac7f0a;"{""surface"":""popup""}";2026-05-21 21:33:43.43672+00
2ecc4eb0-0894-4602-a7ca-cfb9ee0c303e;premium_cta_v1;A;view;;d8571aef-99c6-467d-86a6-d9aa869709d3;"{""surface"":""popup""}";2026-05-21 21:36:51.609794+00
9d2c9de4-4670-43db-a0b8-bdc2d9c2e74c;premium_cta_v1;A;view;;628027d9-48bf-470c-9cb4-52812cb1f6fb;"{""surface"":""popup""}";2026-05-21 21:40:24.298933+00
6093dfe0-6ed3-4288-a588-8bdeb370f7f1;premium_cta_v1;A;view;;9cab4172-9aa5-401b-aae1-0f10f552099e;"{""surface"":""popup""}";2026-05-21 22:05:12.862979+00
a535470f-b455-4999-8382-3e3176d90577;premium_cta_v1;A;view;;2473e8d5-8215-4888-a48a-90ab14436cc4;"{""surface"":""popup""}";2026-05-21 23:51:54.930573+00
5697056f-8daf-4b70-b5c1-a3eb160cbb46;premium_cta_v1;A;view;;5123a8d7-44a2-42f3-a94e-f6f1feb9e643;"{""surface"":""popup""}";2026-05-22 01:26:47.609219+00
b15ebf12-d8a9-438a-b97e-ae6ada1346d6;premium_cta_v1;B;view;;4caa12b4-d001-4f97-871e-17cfb191eb47;"{""surface"":""popup""}";2026-05-22 02:30:41.933414+00
9fb13153-71e1-495c-a222-b72a1a27bf2e;premium_cta_v1;A;view;;c2a1809b-d42b-4b8a-bda0-9563000a5645;"{""surface"":""popup""}";2026-05-22 06:22:27.875378+00
be7425ed-0eaa-4672-a703-2d408539baa5;premium_cta_v1;B;view;;f5e3199a-8e50-462b-b39f-1acd0d6adbf2;"{""surface"":""popup""}";2026-05-22 06:56:42.068143+00
701bad68-61d3-42cb-a931-0e1c19c82db8;premium_cta_v1;A;view;;d2543753-0af7-47ca-8e55-80acaa2d66f5;"{""surface"":""popup""}";2026-05-22 07:21:00.670445+00
3e6af2a9-fb83-4032-8605-9705c7faaf6f;premium_cta_v1;B;view;;a8da4448-4616-4f25-a68a-2b173fb5455e;"{""surface"":""popup""}";2026-05-22 07:58:12.567253+00
02976b13-cc2c-4bc6-b0bc-9f0dc8726ff7;premium_cta_v1;B;view;;48dfe115-936f-4836-88c8-450afe918229;"{""surface"":""popup""}";2026-05-22 07:58:20.691277+00
87838d27-0f22-4469-80c5-c45ea299e0ea;premium_cta_v1;A;view;;4ecc74a0-9759-4af6-8a68-bc701f93e9dd;"{""surface"":""popup""}";2026-05-22 07:58:21.725352+00
82309355-4faf-4132-a2de-c47ae960fabe;premium_cta_v1;B;view;;71b51050-64dc-40d0-b066-07875753dfa8;"{""surface"":""popup""}";2026-05-22 09:34:09.728616+00
06592f1d-b65a-4c51-840e-aceee2ade436;premium_cta_v1;B;view;;7e832a7a-d9bc-4aa7-9208-d788578558be;"{""surface"":""popup""}";2026-05-22 10:07:33.653207+00
562e3d48-4bd3-41ed-b715-569a998f8e55;premium_cta_v1;A;view;;f0334472-63af-4c39-8707-f76b519e8938;"{""surface"":""popup""}";2026-05-22 10:22:23.691258+00
8178b273-b369-47a3-8012-fbcfc5d1b0e9;premium_cta_v1;A;view;;61296495-1577-4364-9093-c290f9bfc4a3;"{""surface"":""popup""}";2026-05-22 10:55:33.804043+00
7767ca70-f3dc-44eb-bc5b-e4c6ef0fd5be;premium_cta_v1;A;view;;d2f28c49-8950-46f0-9723-dd2d33c6c32b;"{""surface"":""popup""}";2026-05-22 10:57:09.1616+00
4311e20d-6c08-49b9-bba4-80ef42f34f1a;premium_cta_v1;A;view;;f2fc968c-4509-43f3-b54e-042b7a684996;"{""surface"":""popup""}";2026-05-22 10:57:10.998897+00
89cc518c-3326-402e-9437-99fed6e5a0cd;premium_cta_v1;B;view;;6e26065a-1629-4739-a165-adf12b74febe;"{""surface"":""popup""}";2026-05-22 10:59:13.519258+00
acc4d554-371d-4b25-a4ae-dff898eb5e89;premium_cta_v1;B;view;;016e9ac4-bc03-4e8d-8b3c-829b8814eaab;"{""surface"":""popup""}";2026-05-22 10:59:34.219081+00
731afe2f-c3d5-4873-8860-24fa344764cb;premium_cta_v1;A;view;;3660e588-c6c9-4684-a072-a6e5a30a3938;"{""surface"":""popup""}";2026-05-22 10:59:34.264804+00
914fc09f-0180-4f24-90aa-f171fd86e687;premium_cta_v1;B;view;;c4f4a8bf-991c-4d97-868f-0d7937a6cce2;"{""surface"":""popup""}";2026-05-22 10:59:34.272848+00
3b966648-a39b-4ff6-b6ea-d1c4cebab274;premium_cta_v1;A;view;;386911ba-e813-4dad-bb47-0ae5f3f67c3a;"{""surface"":""popup""}";2026-05-22 11:00:24.913413+00
1e5bad66-dc5f-4c04-835b-e645648cb3cd;premium_cta_v1;A;view;;4b24dab3-09aa-4d7f-aa32-5aced0510223;"{""surface"":""popup""}";2026-05-22 11:00:42.984306+00
1b8b8716-6701-4680-9906-656b15f596f4;premium_cta_v1;A;view;;54532018-ccea-45e3-a906-6421051836c4;"{""surface"":""popup""}";2026-05-22 11:15:05.245429+00
50a3b766-6719-4567-9572-459e376a2dc7;premium_cta_v1;A;view;;bd7f7185-4124-45e4-9862-7e3aaa17e529;"{""surface"":""popup""}";2026-05-22 11:15:09.631722+00
b1580c71-892c-4595-83c8-88a108d1469b;premium_cta_v1;B;view;;7590e730-2bb4-4f19-9d00-2b1857510db7;"{""surface"":""popup""}";2026-05-22 11:15:09.8365+00
60e6de92-fbb9-4827-bed4-fa9b86f61323;premium_cta_v1;A;view;;d3df0646-f622-4eff-8723-8667046ab9ca;"{""surface"":""popup""}";2026-05-22 11:15:10.188854+00
7581453c-f4d8-4696-9896-4dd17eae805a;premium_cta_v1;A;view;;61296495-1577-4364-9093-c290f9bfc4a3;"{""surface"":""popup""}";2026-05-22 11:24:15.497797+00
cf0eb63e-41d2-43ac-bb65-3349df6005ba;premium_cta_v1;B;view;;3dbf9b02-6fd3-415e-b2de-9ec03768d3e5;"{""surface"":""popup""}";2026-05-22 11:59:10.942686+00
b509c1b5-316e-4a0a-946e-9aa6ea2d3f68;premium_cta_v1;A;view;;b91949a7-ad5e-4c67-be7a-bd1787d1a8dd;"{""surface"":""popup""}";2026-05-22 12:03:42.391736+00
18195475-0fc1-4dfd-814c-af30a6752d75;premium_cta_v1;A;view;;7c31f27d-5324-45d1-8a9c-764e804f0764;"{""surface"":""popup""}";2026-05-22 12:04:05.41101+00
545c5264-dbde-4011-be41-35a57dc9003f;premium_cta_v1;A;view;;3143cea7-1483-41ae-ba68-5b4d15ce97b5;"{""surface"":""popup""}";2026-05-22 12:04:05.594+00
36f6f907-b741-441b-87f9-35b4ea63ad16;premium_cta_v1;A;view;;b28e2f1e-46d8-4ba9-8ec8-4f968bd56268;"{""surface"":""popup""}";2026-05-22 12:04:05.794081+00
06f3f6bd-d778-4d08-9be0-a508f856bb5a;premium_cta_v1;A;view;;b91949a7-ad5e-4c67-be7a-bd1787d1a8dd;"{""surface"":""popup""}";2026-05-22 12:04:59.018547+00
4a23efd6-e227-472c-a943-d303fd60a386;premium_cta_v1;A;view;;e149f357-1045-4c3c-baaf-21174d9e38a3;"{""surface"":""popup""}";2026-05-22 12:06:52.611124+00
d4b78997-abcd-4fdd-9f29-7464a095ad84;premium_cta_v1;B;view;;1dab290a-f83d-408a-bfe2-a6190b7882d0;"{""surface"":""popup""}";2026-05-22 12:25:34.926349+00
1d93c521-a4d8-4316-aa2c-eb619b99207d;premium_cta_v1;A;view;;050c454a-65e5-4d2f-a1ac-af4c15b59fa5;"{""surface"":""popup""}";2026-05-22 13:44:16.805842+00
95a478e5-1189-43b3-a4fa-f647af655875;premium_cta_v1;B;view;;6e9551f6-3c2c-460a-b0bc-f73c6b74668d;"{""surface"":""popup""}";2026-05-22 14:42:46.996776+00
db496607-1a45-45ce-8704-dd3c0e63765e;premium_cta_v1;A;view;;b78b61eb-cd8d-46af-82f6-70cf8c9e3c0f;"{""surface"":""popup""}";2026-05-22 14:55:47.753189+00
0d95bf72-1006-4799-9838-e208c1e382b1;premium_cta_v1;A;view;;7211e588-7a60-4c2e-9f5b-cabd9b308da9;"{""surface"":""popup""}";2026-05-22 15:09:26.71384+00
d5bc0207-67ae-4a4d-a94e-b26a3a64fe19;premium_cta_v1;A;view;;6bd5a877-2ea1-4467-8ed6-4ea6ba045608;"{""surface"":""popup""}";2026-05-22 15:09:27.648745+00
c57d9d6c-09ce-4efe-85af-972e7cb01354;premium_cta_v1;A;view;;85afad3d-e067-47f2-bcff-c24ce05c84d1;"{""surface"":""popup""}";2026-05-22 16:28:54.240476+00
5dc485d1-79e2-47a7-a02a-f1be694e15c9;premium_cta_v1;A;view;;85afad3d-e067-47f2-bcff-c24ce05c84d1;"{""surface"":""popup""}";2026-05-22 16:30:35.369882+00
498b8370-7c30-4da7-9f4b-1e52ed0e711e;premium_cta_v1;B;view;;cccc6146-23e4-4eef-ae7a-ac84e244f576;"{""surface"":""popup""}";2026-05-22 16:33:19.539764+00
47157053-1440-498d-a883-d6fecf276808;premium_cta_v1;B;view;;c421a2c1-f2c8-450b-89ad-cba85a22f93a;"{""surface"":""popup""}";2026-05-22 16:33:20.4571+00
2d5d9261-d026-4181-805f-1acb9002dcd1;premium_cta_v1;A;view;;cfd93749-01d4-434f-8db0-95f1082580bc;"{""surface"":""popup""}";2026-05-22 16:33:21.087485+00
27178ce0-3a4e-4dba-b7c0-c4decb7e4b0a;premium_cta_v1;A;view;;86d4de15-6d23-49ed-a375-f2fa64383469;"{""surface"":""popup""}";2026-05-22 17:27:45.435518+00
813627d1-b8d4-47e0-ab7b-8ba3b41787ca;premium_cta_v1;A;view;;86d4de15-6d23-49ed-a375-f2fa64383469;"{""surface"":""popup""}";2026-05-22 17:28:50.477075+00
cd927851-4e65-434c-b4d4-da70651e99d5;premium_cta_v1;B;view;;a5a8dccf-42c3-42d4-bb6d-77e4a66cac56;"{""surface"":""popup""}";2026-05-22 17:35:55.512052+00
7eb01afa-565e-4d1f-80b7-cf845ad705da;premium_cta_v1;B;view;;a5a8dccf-42c3-42d4-bb6d-77e4a66cac56;"{""surface"":""popup""}";2026-05-22 17:38:41.158709+00
b365fef5-757d-4369-9f1f-a4cd41527d22;premium_cta_v1;B;view;;54b87961-ee53-43ff-87d4-f456fc16c781;"{""surface"":""popup""}";2026-05-22 17:39:35.823201+00
421123fd-0e7c-4317-9ea0-811c5ef56eab;premium_cta_v1;B;view;;48087546-89dc-449d-844a-011f2edb1ac4;"{""surface"":""popup""}";2026-05-22 18:00:47.04496+00
5fe74f6f-f1b9-4dc9-8b22-cad703ab2b38;premium_cta_v1;B;view;;54b5d020-3d8a-46bb-9fec-c0c41d6b27dd;"{""surface"":""popup""}";2026-05-22 18:02:04.874028+00
dae10ac8-669f-420d-a488-c3dbcf7d0fd3;premium_cta_v1;A;view;;e18cd4f1-526e-47ab-b736-5ade35530429;"{""surface"":""popup""}";2026-05-22 19:27:12.988522+00
8cd1cc86-41c2-4f72-9408-4b5c75cce6ca;premium_cta_v1;A;view;;b17e8386-3926-4008-b2bd-c7787da6dc04;"{""surface"":""popup""}";2026-05-22 19:49:39.9105+00
b891be61-a090-442e-869b-6664401fd47e;premium_cta_v1;B;view;;6e9551f6-3c2c-460a-b0bc-f73c6b74668d;"{""surface"":""popup""}";2026-05-22 19:50:01.835591+00
4b714049-8ddf-49e8-934c-1023053f8a56;premium_cta_v1;B;view;d16581ef-007e-4345-b9ba-9f43cf83ce8c;;"{""surface"":""popup""}";2026-05-22 19:50:28.475343+00
7c7515af-0aea-4fe7-bd92-7e2e9ee5beba;premium_cta_v1;A;view;;64adb546-900e-4fe3-86ec-ed8f65d57d26;"{""surface"":""popup""}";2026-05-22 20:15:11.644823+00
83572967-eaee-465b-b00d-71b637f194a3;premium_cta_v1;B;view;;86aed2c4-3dba-48e5-8783-f79c2b493744;"{""surface"":""popup""}";2026-05-22 21:03:58.978356+00
194a72d3-33c7-4dfb-92a5-dc5b89ed46ac;premium_cta_v1;A;view;;7626c363-8ce6-4c44-b056-6ebc21651e91;"{""surface"":""popup""}";2026-05-22 21:03:59.112509+00
d11ee33d-d866-4b9b-9bea-e0cfc10ecf64;premium_cta_v1;A;view;;a79d716c-943b-4bca-92f0-2b79b87e1797;"{""surface"":""popup""}";2026-05-23 01:53:57.515731+00
6368be5b-625c-46c9-97c3-b02584200db0;premium_cta_v1;A;view;;4bc80d25-11a1-41de-9c67-1ec7d5fe2f36;"{""surface"":""popup""}";2026-05-23 02:30:42.406105+00
487f1e21-8349-45ec-9b45-132c7733ccb1;premium_cta_v1;A;view;;1f40992b-190e-4c02-8013-aa79d56e3dcc;"{""surface"":""popup""}";2026-05-23 04:49:40.077261+00
2b4ee524-9495-404f-a7be-eec152d4cee3;premium_cta_v1;B;view;;38d06aca-3d54-4204-b4c5-4bf62d071ec9;"{""surface"":""popup""}";2026-05-23 05:12:30.264087+00
addc23e4-890f-43a2-ab50-6268d1142619;premium_cta_v1;A;view;;255eeebd-a02e-4ec8-9048-fba88cafe0cc;"{""surface"":""popup""}";2026-05-23 05:13:57.578536+00
dda3483b-1fe3-4adc-a5f3-64eb62561ae7;premium_cta_v1;B;view;;25cb5f08-25c2-49cc-805a-4d3c96931b1a;"{""surface"":""popup""}";2026-05-23 05:47:27.885197+00
c8fb65a2-40ef-4bb4-8f3c-1c7171b31b82;premium_cta_v1;B;view;;70d233de-8efc-4e13-8d9f-b45322e015f2;"{""surface"":""popup""}";2026-05-23 05:47:32.668601+00
40ac69bb-1fe4-4c5e-880c-94698c3c44f9;premium_cta_v1;B;view;;8c502f1a-d297-478d-852e-83c52656f7a5;"{""surface"":""popup""}";2026-05-23 05:47:37.895586+00
a5d2d208-fad9-4a2f-a982-02b112b99604;premium_cta_v1;A;view;;eee78264-1f08-44dd-85c5-a61ce761576b;"{""surface"":""popup""}";2026-05-23 05:47:41.601331+00
15b39698-2cf2-4274-8b13-bd3e668a7dc8;premium_cta_v1;A;view;;7d9b52d3-e421-463e-94d5-e3261e582995;"{""surface"":""popup""}";2026-05-23 07:07:58.418749+00
dea5995c-a221-45de-9dd9-5d1a35f13d89;premium_cta_v1;B;view;;6fa8e29c-46c9-46ee-a7b8-6785cb5168af;"{""surface"":""popup""}";2026-05-23 07:09:26.131143+00
ad6c8f20-9b8d-4eb0-bcfe-afaf1995abdc;premium_cta_v1;A;view;;0f46f511-ad11-4e6f-a0a1-337074ad1055;"{""surface"":""popup""}";2026-05-23 07:09:26.191418+00
a86ad792-c24d-434f-bfbe-b180f2a8300a;premium_cta_v1;B;view;;f76cae49-1f41-4e2b-a9fa-c59489c106b4;"{""surface"":""popup""}";2026-05-23 07:09:33.599581+00
3519f9d2-8c6b-4d43-bebb-26903d8efa29;premium_cta_v1;B;view;;6e26065a-1629-4739-a165-adf12b74febe;"{""surface"":""popup""}";2026-05-23 07:27:31.609989+00
7d3df9d5-9462-4a30-ac8d-07f27d4cf115;premium_cta_v1;B;conversion;;6e26065a-1629-4739-a165-adf12b74febe;"{""surface"":""offers_banner_upgrade""}";2026-05-23 07:27:40.059828+00
cc30b709-9ad2-4047-93cc-0700dd9b5303;premium_cta_v1;A;view;;9a9f6310-1edd-4f80-81d9-01ae93774982;"{""surface"":""popup""}";2026-05-23 10:48:18.015063+00
459d3676-9e47-4302-8a64-1d989da74fe9;premium_cta_v1;B;view;;d060cf5f-0000-4500-b5b3-7be03c85d223;"{""surface"":""popup""}";2026-05-23 11:33:38.155548+00
715fd0d3-0da3-435a-a6ff-f97f7dc7b66f;premium_cta_v1;B;view;;2ae9f539-8ea9-48c9-bf10-158ca0a356d8;"{""surface"":""popup""}";2026-05-23 12:33:28.067369+00
ec189495-da59-4140-9faf-ffa257b73929;premium_cta_v1;B;view;;8deca1a5-d874-441f-9ef1-be231d07e97a;"{""surface"":""popup""}";2026-05-23 13:18:18.089972+00
d5ffa9ce-1942-4c34-9e1b-115d7640e0d6;premium_cta_v1;A;view;;46ae436c-1dfe-422b-a689-0fddb9cbe58d;"{""surface"":""popup""}";2026-05-23 13:51:04.368041+00
ca284393-e85c-42e8-aa33-c6126ce1f6e6;premium_cta_v1;B;view;;8883bd13-e22e-4785-b856-34cb60ea607f;"{""surface"":""popup""}";2026-05-23 13:51:10.061044+00
6cb9b9c2-692a-4bc0-881d-f1fd427b826b;premium_cta_v1;A;view;;8c6dd6f0-1f77-4e02-8a62-80c4569684a5;"{""surface"":""popup""}";2026-05-23 14:10:17.847266+00
b1055b28-f411-476c-8445-125920f65bde;premium_cta_v1;B;view;;05a93c89-90cf-4f84-836a-7944976efc74;"{""surface"":""popup""}";2026-05-23 14:56:25.180499+00
e5264eb6-3d8f-44e8-ac2e-40cfd693a110;premium_cta_v1;B;view;;377bfaca-edc2-4f7b-a483-8b0fdcbba06e;"{""surface"":""popup""}";2026-05-23 14:56:32.124146+00
3defca7e-a0e7-4ba7-b8a7-7340166464b2;premium_cta_v1;B;view;;6e9551f6-3c2c-460a-b0bc-f73c6b74668d;"{""surface"":""popup""}";2026-05-23 15:05:13.260819+00
a05fb366-4bd5-4a17-908b-5b032a9a9b0c;premium_cta_v1;A;view;;f0c73c4f-c49c-4711-ab63-c35244ef5c81;"{""surface"":""popup""}";2026-05-23 15:05:42.932721+00
5dd4318b-edb6-4cca-843e-1953732625a1;premium_cta_v1;B;view;;bf676c51-593e-43d3-873f-cfcaeeb1ba90;"{""surface"":""popup""}";2026-05-23 15:14:23.822178+00
5433c790-2b23-4e44-bd79-ddd9b39bb548;premium_cta_v1;B;conversion;a054a758-1720-4129-945e-a18825017661;;"{""surface"":""offers_banner_upgrade""}";2026-05-23 15:14:32.557681+00
0d1ca4ab-70af-4b7e-910e-c23c7fa5c80c;premium_cta_v1;B;view;;8cce8f00-4559-4e3f-a8f0-a8d116b645de;"{""surface"":""popup""}";2026-05-23 15:19:28.356161+00
d058b613-fcc8-4ac9-be05-434d65b5ffc7;premium_cta_v1;A;view;;cad43bdc-6b4b-463e-af97-f301268902e2;"{""surface"":""popup""}";2026-05-23 15:23:32.739259+00
96f77315-2e84-4e9c-bf6b-7e0adea79918;premium_cta_v1;A;view;;435b6ab6-b47a-40d1-b039-16b1352528da;"{""surface"":""popup""}";2026-05-23 15:29:25.646457+00
85a5834f-de92-49b0-ae14-55f790591b25;premium_cta_v1;A;view;;49f7a729-c7ce-4bc9-91e1-a11b67eea76b;"{""surface"":""popup""}";2026-05-23 15:29:34.600517+00
f336a2e2-e067-4d92-8bb4-760f11e172b9;premium_cta_v1;A;view;;22c48fb4-4891-4891-8a71-77c2473eebfb;"{""surface"":""popup""}";2026-05-23 15:30:27.581896+00
5513990d-67b1-41ac-ac79-2daea499bebf;premium_cta_v1;A;view;;61296495-1577-4364-9093-c290f9bfc4a3;"{""surface"":""popup""}";2026-05-23 15:31:11.570543+00
15af7117-0dc8-41b9-98d4-3ec3c49d11c3;premium_cta_v1;B;view;16b6d8ac-60f7-4ec9-9575-c99654f056f7;;"{""surface"":""popup""}";2026-05-23 15:32:20.672065+00
39036e94-34fa-4db4-a0f7-f52058076234;premium_cta_v1;A;view;;176ddcbb-353e-4a07-a0c0-375b5b359b77;"{""surface"":""popup""}";2026-05-23 15:37:17.879772+00
76629524-02c4-4dc8-83c1-157236f80ada;premium_cta_v1;B;view;;b09f9973-34da-49dd-8274-efa9c7b6df5b;"{""surface"":""popup""}";2026-05-23 15:39:41.787049+00
ff386a4a-ebe5-4cb3-9ade-afa74bd21393;premium_cta_v1;B;view;;9b6ae5b6-bb47-4c09-b781-a1ef0edbb669;"{""surface"":""popup""}";2026-05-23 15:40:13.839471+00
5d4c7ce0-9304-45f6-9d56-4fd1d6a7d888;premium_cta_v1;A;view;;02515861-bb03-4dc4-a96a-456f6987977d;"{""surface"":""popup""}";2026-05-23 15:45:02.220843+00
c828ea15-8cbc-4957-ad0b-672851d0c17f;premium_cta_v1;B;view;;b29d282c-c620-478f-b7bd-ec06bdd605c9;"{""surface"":""popup""}";2026-05-23 15:46:42.551715+00
058e40a4-44a1-4d31-9b3c-e19bf694dc49;premium_cta_v1;B;view;;8b4f86aa-d341-4147-9224-c60d8a0da820;"{""surface"":""popup""}";2026-05-23 15:49:16.596305+00
e3adf502-35e2-4db9-9b05-aecd501760d0;premium_cta_v1;B;view;;6e2273e3-5980-47c5-a3af-309aeb6ddddb;"{""surface"":""popup""}";2026-05-23 15:52:25.271558+00
17555b30-d12c-422a-985c-a9ae5cbcab67;premium_cta_v1;B;view;;2d338e53-e781-46bb-88f2-245146a6eee6;"{""surface"":""popup""}";2026-05-23 15:56:58.941731+00
0f82774f-dca1-45df-b7f8-d4214ccee72e;premium_cta_v1;A;view;;f50984e6-c0f2-4b94-ad26-3fe861ad7945;"{""surface"":""popup""}";2026-05-23 15:59:04.744478+00
1932e171-5b68-4ae9-b1ca-91b6b34d77d5;premium_cta_v1;A;view;16b6d8ac-60f7-4ec9-9575-c99654f056f7;;"{""surface"":""popup""}";2026-05-23 15:59:22.640446+00
5a9f0703-63aa-4ed6-ab1f-487dd89c8ac7;premium_cta_v1;B;view;16b6d8ac-60f7-4ec9-9575-c99654f056f7;;"{""surface"":""popup""}";2026-05-23 15:59:22.866062+00
a82c5e2e-1a27-4090-97c8-b9a317e5dabd;premium_cta_v1;A;view;;e95a1d25-0f8e-427c-823d-4757049788d4;"{""surface"":""popup""}";2026-05-23 16:04:23.575912+00
a0ab71c6-67ed-46b0-af4d-d3fcf953508f;premium_cta_v1;B;view;;22c48fb4-4891-4891-8a71-77c2473eebfb;"{""surface"":""popup""}";2026-05-23 16:05:16.276899+00
1f5c759a-55f2-470c-84c4-cc04be9b7c10;premium_cta_v1;A;view;;22c48fb4-4891-4891-8a71-77c2473eebfb;"{""surface"":""popup""}";2026-05-23 16:05:16.400023+00
727d550e-6ad5-463c-a1b5-213bfbc59762;premium_cta_v1;A;view;;073b3bbb-50da-49da-a169-b11792751a99;"{""surface"":""popup""}";2026-05-23 16:13:31.102359+00
92bbe801-7b27-4fa0-9ef0-2548bc1ddf60;premium_cta_v1;B;view;;58739208-dac8-4f34-8181-cbc909232494;"{""surface"":""popup""}";2026-05-23 16:17:21.634681+00
204f4674-9b04-4400-b49e-b992a545d29a;premium_cta_v1;A;view;;d2f28c49-8950-46f0-9723-dd2d33c6c32b;"{""surface"":""popup""}";2026-05-23 16:23:11.855983+00
62f0fe58-64eb-4656-9ec5-5f1aadad33ea;premium_cta_v1;B;view;16b6d8ac-60f7-4ec9-9575-c99654f056f7;;"{""surface"":""popup""}";2026-05-23 16:23:38.18744+00
4125f82e-bd13-496c-a28c-a5c46de92bfe;premium_cta_v1;A;view;;f1ae5870-f902-4ab0-8803-b74db80d4cf0;"{""surface"":""popup""}";2026-05-23 16:27:01.735652+00
1a9852fc-21ec-4abc-bb15-79fb8a5cde9b;premium_cta_v1;B;view;;1dd21cf3-9092-47f6-98f7-5cd6becbd9cc;"{""surface"":""popup""}";2026-05-23 16:29:01.731937+00
9f346d56-fe5c-4fa4-b2d3-cdc7c167426b;premium_cta_v1;A;view;29711fcd-2819-4eba-ac64-26912b149a29;;"{""surface"":""popup""}";2026-05-23 16:29:42.72354+00
251e7122-52ba-4b53-84a3-4cf78f285b34;premium_cta_v1;B;view;;785d3c71-6119-4e58-9def-b1d06edfac2a;"{""surface"":""popup""}";2026-05-23 16:43:05.367726+00
17b7f253-381c-402b-83fa-5c3b4ed961aa;premium_cta_v1;B;view;;6e26065a-1629-4739-a165-adf12b74febe;"{""surface"":""popup""}";2026-05-23 17:02:17.073856+00
e8b1aac1-72a0-4587-b0c5-35f2169d982d;premium_cta_v1;B;view;;bf676c51-593e-43d3-873f-cfcaeeb1ba90;"{""surface"":""popup""}";2026-05-23 17:16:11.951917+00
e8488b99-0541-43b3-9d13-2b43a1c72eb5;premium_cta_v1;B;conversion;a054a758-1720-4129-945e-a18825017661;;"{""surface"":""offers_banner_upgrade""}";2026-05-23 17:25:18.087317+00
4b3286b4-42b9-4c09-82a0-ccf549c8f3ca;premium_cta_v1;B;view;;a77c090b-7d22-4478-ac24-7b7032efaa76;"{""surface"":""popup""}";2026-05-23 17:30:27.969+00
eff6a2e2-6cfa-4a3c-a278-2054f833e1c2;premium_cta_v1;A;view;;62bffb74-7b61-4a1d-8fc3-3b5013209da1;"{""surface"":""popup""}";2026-05-23 18:05:15.486109+00
65565b88-97b4-40f5-969e-077076efc3d8;premium_cta_v1;A;view;;f0334472-63af-4c39-8707-f76b519e8938;"{""surface"":""popup""}";2026-05-23 18:21:12.241121+00
b0442147-4f6f-4d5c-9aa8-a41fcf82580b;premium_cta_v1;B;view;16b6d8ac-60f7-4ec9-9575-c99654f056f7;;"{""surface"":""popup""}";2026-05-23 18:22:03.772551+00
c625575d-0c6f-4683-9a6f-a2948edd81c4;premium_cta_v1;A;view;;7727275d-f5ae-4d80-872f-8413936ae4ef;"{""surface"":""popup""}";2026-05-23 19:26:06.444415+00
8db77dc1-ea1a-41f0-8a1b-0a62fc6fc582;premium_cta_v1;B;view;;bcef6c72-d6ca-45e1-9b15-fc69e8b7461e;"{""surface"":""popup""}";2026-05-23 20:49:53.881622+00
834e87cf-ea03-4764-a33b-cee91a1e793c;premium_cta_v1;A;view;;ea840d30-5df2-4818-b3aa-1927a3b27fbe;"{""surface"":""popup""}";2026-05-23 23:06:31.810909+00
6b5b20a7-40a8-4920-8ac0-189c84693b34;premium_cta_v1;B;view;;8b4ae0d2-078a-45c4-92fe-9ef3696055e7;"{""surface"":""popup""}";2026-05-23 23:06:31.858237+00
5d0f5e46-f307-47a7-808f-e2740a22917b;premium_cta_v1;A;view;;6b90ae91-dd11-47b5-9226-7de979b7f8a7;"{""surface"":""popup""}";2026-05-23 23:06:32.89946+00
d17c0144-4606-44a4-8aa0-3a15f7a6ab9b;premium_cta_v1;B;view;;74b659e3-d90e-4538-aebb-8e4d851d7d54;"{""surface"":""popup""}";2026-05-24 00:09:48.546191+00
59b99b9d-d0b2-475a-a31c-f6b11a86e20b;premium_cta_v1;B;view;;59a540fc-a7f5-4fc7-bdbf-4bc19f4b1a38;"{""surface"":""popup""}";2026-05-24 00:09:48.566816+00
ffb7e8e1-f84e-48c7-bac6-0b40b4f93ed3;premium_cta_v1;B;view;;bc267793-f0d5-4110-976a-6f9eb140c4ac;"{""surface"":""popup""}";2026-05-24 06:50:31.667728+00
ff07ef4b-3d52-4ef9-bbdd-b5ee0dd498de;premium_cta_v1;A;view;;51096aaa-c200-4921-b1a6-067f26373dfb;"{""surface"":""popup""}";2026-05-24 07:08:45.679115+00
a11694a7-d883-430a-85c6-aa01c46b4286;premium_cta_v1;B;view;;d71fa541-fd71-4dd1-abd4-0792b6a7bd0d;"{""surface"":""popup""}";2026-05-24 07:08:45.716249+00
51118c1e-7824-4d71-817e-b0cf08494145;premium_cta_v1;B;view;;78de1e4a-0b52-42e9-b599-b5bc286ab832;"{""surface"":""popup""}";2026-05-24 07:08:46.723739+00
050a196d-4cda-4087-8542-84953e12b8c3;premium_cta_v1;A;view;;61296495-1577-4364-9093-c290f9bfc4a3;"{""surface"":""popup""}";2026-05-24 07:38:13.150197+00
351909fd-6f8e-4a54-b259-d6a604cad9cb;premium_cta_v1;B;view;16b6d8ac-60f7-4ec9-9575-c99654f056f7;;"{""surface"":""popup""}";2026-05-24 07:38:42.501864+00
f4daee67-4b67-446f-937d-4612850cccaa;premium_cta_v1;B;conversion;16b6d8ac-60f7-4ec9-9575-c99654f056f7;;"{""surface"":""offers_banner_upgrade""}";2026-05-24 07:38:52.100335+00
f98391d7-2939-4ee3-b00d-bf095f3dd6e4;premium_cta_v1;B;view;;6246f9b5-d2fd-4ac7-83ba-b925aecef2df;"{""surface"":""popup""}";2026-05-24 07:44:26.625897+00
0f1caa28-5bf1-4e67-8d50-b443e4f30b3f;premium_cta_v1;B;conversion;;6246f9b5-d2fd-4ac7-83ba-b925aecef2df;"{""surface"":""offers_banner_upgrade""}";2026-05-24 07:44:32.031405+00
8e2f4156-ddba-443e-85bc-4a48d0fa13d4;premium_cta_v1;B;view;;85381646-4d29-4033-83ef-90df949f62b4;"{""surface"":""popup""}";2026-05-24 07:45:28.054716+00
f5c00d46-7473-46d9-a8bc-553a9721bf5f;premium_cta_v1;A;view;;c9ce410f-9442-47f6-ae11-8cbb93af10ab;"{""surface"":""popup""}";2026-05-24 07:56:42.693701+00
79a78b07-d384-4edf-8023-bf99f7ddebaf;premium_cta_v1;B;view;;6e9551f6-3c2c-460a-b0bc-f73c6b74668d;"{""surface"":""popup""}";2026-05-24 08:00:46.189367+00
14be7b89-58da-4840-bdf5-48252d09cbb1;premium_cta_v1;B;view;;6e9551f6-3c2c-460a-b0bc-f73c6b74668d;"{""surface"":""popup""}";2026-05-24 08:09:26.077983+00
20111a8c-7934-48f9-aa48-2680d15c1fc2;premium_cta_v1;B;view;;49f7a729-c7ce-4bc9-91e1-a11b67eea76b;"{""surface"":""popup""}";2026-05-24 08:14:43.703514+00
0beba006-673f-4cef-98a0-5b12825949be;premium_cta_v1;A;view;;49f7a729-c7ce-4bc9-91e1-a11b67eea76b;"{""surface"":""popup""}";2026-05-24 08:14:44.165945+00
fe199208-2f91-4932-8a8d-c83058f5234a;premium_cta_v1;A;view;;06af837f-84eb-4d43-9992-e97ff9e4a9dd;"{""surface"":""popup""}";2026-05-24 08:16:35.903481+00
495fbfe6-b2fa-436b-a017-b322bc890555;premium_cta_v1;A;view;;75783a35-697f-4077-8fc2-f26be9517f16;"{""surface"":""popup""}";2026-05-24 08:39:23.7535+00
d73edbfa-dd2f-4e32-b603-554431593e77;premium_cta_v1;A;view;;75783a35-697f-4077-8fc2-f26be9517f16;"{""surface"":""popup""}";2026-05-24 08:54:18.284223+00
45ee0427-b9f5-45bf-97be-06898b243351;premium_cta_v1;B;view;;a13e54ad-0991-44cd-b9f3-d6fae05c81c0;"{""surface"":""popup""}";2026-05-24 08:57:44.946727+00
f9e60059-fc63-48b8-b1e3-4d4c09c2c71b;premium_cta_v1;A;view;;61296495-1577-4364-9093-c290f9bfc4a3;"{""surface"":""popup""}";2026-05-25 06:24:50.397438+00
315eb402-5c50-4000-b10c-0fdcd0bd2575;premium_cta_v1;A;view;;e149f357-1045-4c3c-baaf-21174d9e38a3;"{""surface"":""popup""}";2026-05-25 08:34:12.049993+00
0d33317a-8b4f-414f-8ca9-e1ee10b50fa7;premium_cta_v1;B;view;;6e26065a-1629-4739-a165-adf12b74febe;"{""surface"":""popup""}";2026-05-25 10:58:05.897204+00
50d6fe92-4677-4b66-9893-7906872404fb;premium_cta_v1;A;view;;8eb8ba5c-7daf-44ae-9190-3d4e34aa365e;"{""surface"":""popup""}";2026-05-25 17:36:58.401161+00
d934072c-15dd-4547-8c55-c6579ab2b45d;premium_cta_v1;B;view;;378c4f1f-d7ef-4d4f-ae34-ce3e6cb0e817;"{""surface"":""popup""}";2026-05-25 18:36:26.045069+00
bcdbcbd8-1b03-4b38-b320-04e17e500c6a;premium_cta_v1;B;view;;f6cecbbf-4560-4e7d-a6e4-51490e7c0603;"{""surface"":""popup""}";2026-05-25 20:50:27.022083+00
dd534d29-25f0-448a-bfb2-09ec4a58ced9;premium_cta_v1;B;view;;36304056-8f44-41d7-a9f8-b17687a7df04;"{""surface"":""popup""}";2026-05-26 16:13:29.633291+00
2efd64fa-fa1e-4b10-a949-7bbdf7f240df;premium_cta_v1;A;view;;ee6937b7-ac24-4204-beb1-1d102dd98e10;"{""surface"":""popup""}";2026-05-28 03:23:53.518425+00
b9926609-cd8f-4cf4-b4af-b96fd4194b63;premium_cta_v1;B;view;;b7befdeb-0750-4f87-a824-747881cbcc5a;"{""surface"":""popup""}";2026-05-30 09:04:46.842883+00
649e94d1-e842-4504-8216-c812418bcb1c;premium_cta_v1;A;view;;c39ff112-d1f6-4d5b-8643-9452b4173381;"{""surface"":""popup""}";2026-05-30 17:14:41.439698+00
80572410-95ec-4056-852d-edc0960de4ed;premium_cta_v1;B;view;;22ff182e-32bf-4044-a0b9-82055bf0da82;"{""surface"":""popup""}";2026-05-31 16:38:23.521702+00
63192bd6-ecf8-48c0-afdd-18e6a35dcce2;premium_cta_v1;A;view;;8eb8ba5c-7daf-44ae-9190-3d4e34aa365e;"{""surface"":""popup""}";2026-05-31 19:43:23.18573+00
cccaa005-fabe-4282-9cfe-44aae4e8e95f;premium_cta_v1;B;view;;06fc2415-3ba8-4c0a-b46a-efb6f65d7614;"{""surface"":""popup""}";2026-06-02 14:08:49.097168+00
ec65c562-f0f5-4bb6-b156-bbcc813bff3a;premium_cta_v1;B;view;;0091b10c-df7f-4072-a1ac-1b794777a096;"{""surface"":""popup""}";2026-06-04 17:45:09.502624+00
ff74aea5-ec94-408a-ae79-316c242776ba;premium_cta_v1;B;view;;60e249d8-8eb9-43d8-8b99-82be74c3a8c6;"{""surface"":""popup""}";2026-06-04 17:45:11.122568+00
4ae0889c-8860-4435-8f89-1b4152d9141f;premium_cta_v1;B;view;;6e9551f6-3c2c-460a-b0bc-f73c6b74668d;"{""surface"":""popup""}";2026-06-05 13:56:29.017841+00
4e8f5ef7-6f56-4745-9112-21c3a9005c36;premium_cta_v1;B;view;;6e26065a-1629-4739-a165-adf12b74febe;"{""surface"":""popup""}";2026-06-05 13:56:39.081017+00
5163de6c-767c-419b-9ae9-4a0f5a3665f7;premium_cta_v1;A;view;;adebde8b-e480-4fc6-b97f-0ef2ac362f74;"{""surface"":""popup""}";2026-06-06 10:05:03.739642+00
00693f8f-bd39-45fa-8574-dd02aaec742d;premium_cta_v1;B;view;;b69c30c1-800b-45db-b77c-cbc363969735;"{""surface"":""popup""}";2026-06-07 20:29:11.144245+00
787ca349-9560-4a11-b1dd-a53ebac89ce2;premium_cta_v1;B;view;;481e56e1-bcaf-4da9-8a06-51ad138db245;"{""surface"":""popup""}";2026-06-09 13:16:55.374417+00
23c3f28b-3c92-423d-90b9-659e1635a9bc;premium_cta_v1;B;view;;d55d3569-6e21-4320-82cf-14bcc4e0b6b7;"{""surface"":""popup""}";2026-06-09 14:07:06.157427+00
b7e68255-79bc-49e3-92fb-ff7d3c20278f;premium_cta_v1;B;view;;14ef7051-2ffe-461a-8aa8-f160a94a11e8;"{""surface"":""popup""}";2026-06-10 19:13:46.279523+00
a05c8958-c8b5-4a84-a157-aa05f826c623;premium_cta_v1;B;view;;5d26f8cc-4668-4674-8c74-ba3bea6bc7a3;"{""surface"":""popup""}";2026-06-13 17:46:46.323925+00
57d71ab5-813c-4dce-b375-ea093bee861c;premium_cta_v1;A;view;;6855a056-f288-44cc-a9d9-8cea7139f06a;"{""surface"":""popup""}";2026-06-14 15:08:24.088934+00
f4836ff8-79da-4795-b0bd-3b732208267a;premium_cta_v1;B;view;;8c89366e-be5e-465e-abd3-63fe74f9a308;"{""surface"":""popup""}";2026-06-14 15:08:27.438933+00
55733f78-1991-4053-b9b9-f216bc1ed329;premium_cta_v1;B;view;;06fc2415-3ba8-4c0a-b46a-efb6f65d7614;"{""surface"":""popup""}";2026-06-16 06:56:05.392462+00
f8e074e8-481c-444a-bfa2-def6409ee843;premium_cta_v1;B;view;;1a3bcfe0-ce4f-48e3-bc7f-ff32d41afd36;"{""surface"":""popup""}";2026-06-17 20:00:56.978831+00
ee0955a5-5e63-4351-90c7-f78555ef2fd3;premium_cta_v1;B;view;;bf676c51-593e-43d3-873f-cfcaeeb1ba90;"{""surface"":""popup""}";2026-06-19 12:43:39.188272+00
6675fff6-e0d3-430b-a7bb-595413713e8c;premium_cta_v1;B;view;;9981d43d-4173-4da1-9e40-333392861d6a;"{""surface"":""popup""}";2026-06-20 11:35:32.166402+00
4d3ac60e-bf8b-46fa-a5a2-deb2efd5f017;premium_cta_v1;A;view;;6aa261c3-9261-44cf-bed8-4c607a74670f;"{""surface"":""popup""}";2026-06-21 15:17:56.987721+00
32aa4c9e-13cc-4629-90d9-a7255658fae9;premium_cta_v1;A;view;;8b3774ab-cb96-4d9e-a581-38846fc8f101;"{""surface"":""popup""}";2026-06-21 15:30:02.757409+00
364d3a06-033a-4fe4-85b3-e551f2435541;premium_cta_v1;B;view;;17059180-37b9-48ca-96b5-c93f3f98b8da;"{""surface"":""popup""}";2026-06-22 02:41:09.337169+00
915cc027-5fe5-4600-902d-375c0f76d77b;premium_cta_v1;B;view;;78cbe275-c9e2-48b9-b3ba-40f2c14b63b4;"{""surface"":""popup""}";2026-06-23 06:07:41.722384+00